shopid;itemid;modelid;product name;variation name;price;stock;description;images
219835045;6231649412;0;AR-130 airbrush pen dual action full metal airbrush gun nozzle ;;2800156;175;b'Ready : Rose & Gold ( Tulis di note pd saat pemesanan warna yg di inginkan)\nLimited stock\n\nAR130 Rose Gold Air brush gun\nAir brush gun 0.3mm ,tipe gravity feed dengan trigger dual action, body full metal. \nAR130 pen brush harga murah dengan kualitas advance, cek video review yg kita pajang , pembandingan AR130 dengan IWATA HP-C SA water eclipse yg harganya puluhan kali lebih mahal.\n\nAR-130\nDual-action gravity feed airbrush for fine art, nail art, temporary tattoo, cake decorating, hobbies, etc.\n0.3mm needle nozzle, broad spray, double action trigger for easy and accurate spray.\nMade of high quality material, durable to use.\nEasy fluid refills and easy cleaning.\n\nExternal dimensions: 140-145 (mm). \nOptimum injection distance: 0-100 (mm)\nApplicable scope: model painting, art art drawing, beauty nail drawing, painting tattoo, art crafts production, cake making, ceramic, resin lamination, etc.\nFeatures: \nmaterial cup detachable, easy to clean, ultra-light technology.\nThe Dual Action trigger controls both air and colour which allows changing the width of the line, the range of value and the opacity of paint without stop';AR-130_airbrush_pen_dual_action_full_metal_airbrush_gun_nozzle__1.jpg;AR-130_airbrush_pen_dual_action_full_metal_airbrush_gun_nozzle__2.jpg;AR-130_airbrush_pen_dual_action_full_metal_airbrush_gun_nozzle__3.jpg;AR-130_airbrush_pen_dual_action_full_metal_airbrush_gun_nozzle__4.jpg;AR-130_airbrush_pen_dual_action_full_metal_airbrush_gun_nozzle__5.jpg
219835045;7731651120;0;Atasan Wanita Lengan 78/ Baju Songket Cewek/ Pakaian Wanita ;;1951760;108;"b'Informasi Produk:\nMohon dibaca deskripsi terlebih dahulu\n*stock tanyakan terlebih dahulu * Baju Songket Hitam;\nLebar : 49cm\nPanjang Tangan : 46cm\nPanjang Baju : 75cm\n\n* Baju Songket Maroon;\nLebar : 50cm\nPanjang Tangan : 44cm\nPanjang Baju : 67cm\n\n* Baju Songket Navy;\nLebar : 49cm\nPanjang Tangan : 45cm\nPanjang Baju : 70cm\n\nBahan : Twiscone Tebal\n\nTidak Termasuk Pashmina dan Hiasan K'";Atasan_Wanita_Lengan_78__Baju_Songket_Cewek__Pakaian_Wanita_.jpg
219835045;7631651116;0;"Mini Clamp 3"" Siku L Atau T / Klem Sudut Corner Craft Woodworkin";;898234;170;"b'Informasi Produk:\nMohon dibaca deskripsi terlebih dahulu\n*stock tanyakan terlebih dahulu Partai baru yg tersedia saat ini kualitas lebih bagus dr yg beredar di pasaran, plat lebih tebal dibanding yg sebelum2nya\n\nClamp Sudut / Siku ukuran 3""\nAlat bantu kerja untuk menjepit dan membentuk Siku dengan sudut 90 derajat\n\n\nCocok untuk pertukangan, hobby, DIY , bahkan utk perbengkelan\ncek contoh gambar'";Mini_Clamp_3inch_Siku_L_Atau_T___Klem_Sudut_Corner_Craft_Woodworkin_1.jpg;Mini_Clamp_3inch_Siku_L_Atau_T___Klem_Sudut_Corner_Craft_Woodworkin_2.jpg;Mini_Clamp_3inch_Siku_L_Atau_T___Klem_Sudut_Corner_Craft_Woodworkin_3.jpg;Mini_Clamp_3inch_Siku_L_Atau_T___Klem_Sudut_Corner_Craft_Woodworkin_4.jpg
219835045;7631472417;0;Terlaris  Gamis Wanita Polos Biru Muda/ Baju Hijab Cewek + Bergo ;;2907286;187;b'Informasi Produk:\nMohon dibaca deskripsi terlebih dahulu\n*stock tanyakan terlebih dahulu Lebar : 45cm\nPanjang Tangan : 53cm\nPanjang Baju : 130cm\n\nBahan : Spandex, Pinggang Karet\nBergo ada ';Terlaris__Gamis_Wanita_Polos_Biru_Muda__Baju_Hijab_Cewek_+_Bergo_.jpg
219835045;7531472496;0;Terlaris  Blower RICHU Mesin Blower Tangan / Pembersih Debu / Dryer Pet;;2325809;167;b'Informasi Produk:\nMohon dibaca deskripsi terlebih dahulu\n*stock tanyakan terlebih dahulu Blower Tangan Richu, biasa digunakan untuk dryer pet atau pengering hewan peliharaan setelah di mandikan atau untuk membersihkan debu di dalam CPU Komputer\n\nAlat untuk menembakkan angin kencang.\nBerfungsi untuk membersihkan lapisan luar debu halus dari peralatan.\n\nPower : 380W/220V\nSpeed : 13.000 rpm\n\nUnit mesin selalu kita bubble. Produk Richu rawan p';Terlaris__Blower_RICHU_Mesin_Blower_Tangan___Pembersih_Debu___Dryer_Pet_1.jpg;Terlaris__Blower_RICHU_Mesin_Blower_Tangan___Pembersih_Debu___Dryer_Pet_2.jpg;Terlaris__Blower_RICHU_Mesin_Blower_Tangan___Pembersih_Debu___Dryer_Pet_3.jpg
219835045;7531472470;0;Terlaris  MEITE isi mesin paku tembak staples refill air stapler nailer gun;;833163;172;b'Informasi Produk:\nMohon dibaca deskripsi terlebih dahulu\n*stock tanyakan terlebih dahulu Ready merk LOTUS\nKualitas dijamin Bagus. cocok untuk staples 3way\nseri 1010J\nisi paku tembak  tipe U \n10mm isi 50';Terlaris__MEITE_isi_mesin_paku_tembak_staples_refill_air_stapler_nailer_gun.jpg
219835045;7431472421;0;Terlaris  Mesin press las plastik 20cm body besi 250w sealer snack ca;;4104412;106;b'Informasi Produk:\nMohon dibaca deskripsi terlebih dahulu\n*stock tanyakan terlebih dahulu NRT pro SP2001 \nrangka/bodi besi, trafo lebih besar, lebih awet tahan lama. \ncocok digunakan untuk home Industri ataupun usaha kelas rumahan. \n\n\nUntuk merekatkan plastik kemasan PE / PP \nmenggunakan sistem pemanas elektrik.\npanjang 20 cm, dilengkapi pengatur suhu panas.\ndaya listrik 250 watt, tegangan 220 - 240 volt\n\nCara Penggunaan:\nLetakan plastik yang akan di press dan tekan gagang bagian atas\ntahan sampai lampu indikator padam secara otomatis\n(dalam hitungan detik) maka proses perekatan sudah selesai. Level panas bisa anda sesuaikan dengan Ketebalan plastik.\n\n\nBONUS Spare part Elemen pemanas + Kain perekat tahan p';Terlaris__Mesin_press_las_plastik_20cm_body_besi_250w_sealer_snack_ca_1.jpg;Terlaris__Mesin_press_las_plastik_20cm_body_besi_250w_sealer_snack_ca_2.jpg
219835045;7331472440;0;"Terlaris  catok f clamp 4"" / mini quick clamp 4inch / ratchet bar release ";;854059;191;"b'Informasi Produk:\nMohon dibaca deskripsi terlebih dahulu\n*stock tanyakan terlebih dahulu harga promo\n\nQuick Ratchet Bar Clamp 4"" \nAlat clamping yg bersifat fastener dengan size 4"" (10mm) sangat cocok untuk pekerjaan woodworking, craft maupun elektro\nDilengkapi dgn fitur Ratchet pada handle nya serta Quick release yang memudahkan dan mempercepat proses Clamping. bisa juga sebagai spreader.\n\nBahan : Metal & Hard plastik ABS\nArea jepit : 4"" (1'";Terlaris__catok_f_clamp_4inch___mini_quick_clamp_4inch___ratchet_bar_release__1.jpg;Terlaris__catok_f_clamp_4inch___mini_quick_clamp_4inch___ratchet_bar_release__2.jpg;Terlaris__catok_f_clamp_4inch___mini_quick_clamp_4inch___ratchet_bar_release__3.jpg;Terlaris__catok_f_clamp_4inch___mini_quick_clamp_4inch___ratchet_bar_release__4.jpg;Terlaris__catok_f_clamp_4inch___mini_quick_clamp_4inch___ratchet_bar_release__5.jpg
219835045;7131651125;0;mata potong cut off mini gerinda fiberglass reinforced mini gr;;200873;150;b'Informasi Produk:\nMohon dibaca deskripsi terlebih dahulu\n*stock tanyakan terlebih dahulu mata potong cut off untuk mini gerinda. \nmaterial fiberglass reinforced (bukan yg bahan resin)\ndigunakan untuk pemotongan bahan2 metal dengan menggunakan mesin rotary mini gerinda. \n\nharga tertera adalah harga per';mata_potong_cut_off_mini_gerinda_fiberglass_reinforced_mini_gr_1.jpg;mata_potong_cut_off_mini_gerinda_fiberglass_reinforced_mini_gr_2.jpg;mata_potong_cut_off_mini_gerinda_fiberglass_reinforced_mini_gr_3.jpg;mata_potong_cut_off_mini_gerinda_fiberglass_reinforced_mini_gr_4.jpg
219835045;7131472424;0;Terlaris  timbangan duduk digital 30kg SCALE 10-01 timbangan buah sayur la;;10537004;174;b'Informasi Produk:\nMohon dibaca deskripsi terlebih dahulu\n*stock tanyakan terlebih dahulu Produk mengandung batere. Khusus pulau jawa saja. Luar jawa lewat jalur laut menggunakan POS, Lambat sampainya.\n\nSCALE10-01 timbangan digital 30kg \nsudah di kalibrasi dan di terra. Produk berkualitas. \n2row layer Double display , muka belakang.\nAda battere , saat listrik padam timbangan masih bisa di gunakan lebih kurang 1jam.\nfitur setting dan akumulasi harga.\nManual book tersedia dalam 2 bahasa, indonesia & inggris\n\ntampilan berat : 5digit\ntampilan harga : 5digit\ntampilan total harga : 6digit\nmax 30.000gr\nmin 10gr\ntingkat presisi 1/3000F.S\ndisplay per 5gr\n\nPengiriman terkena Volum';Terlaris__timbangan_duduk_digital_30kg_SCALE_10-01_timbangan_buah_sayur_la_1.jpg;Terlaris__timbangan_duduk_digital_30kg_SCALE_10-01_timbangan_buah_sayur_la_2.jpg;Terlaris__timbangan_duduk_digital_30kg_SCALE_10-01_timbangan_buah_sayur_la_3.jpg;Terlaris__timbangan_duduk_digital_30kg_SCALE_10-01_timbangan_buah_sayur_la_4.jpg
219835045;7031651118;0;staples tembak staple gun tacker staples jok motor 3 in 1 bonus r;;1258315;116;b'Informasi Produk:\nMohon dibaca deskripsi terlebih dahulu\n*stock tanyakan terlebih dahulu merk mollar\nbahan besi chrome\nuntuk ukuran 4-14mm\n\nbonus refill :\nnarrow crown 200pcs\nround staple 200pcs\nbrad nail 2';staples_tembak_staple_gun_tacker_staples_jok_motor_3_in_1_bonus_r_1.jpg;staples_tembak_staple_gun_tacker_staples_jok_motor_3_in_1_bonus_r_2.jpg
219835045;7031648996;0;"diamond disc grinding wheel titanium coated 4"" / diamond wheel";;865400;112;"b'4"" Diamond Coated Grinding Disc Wheel Convex For Angle Grinder Grit 150\n\nProduct Specification:\nOutside diameter :  4"" (100mm) \nArbor hole :            5/8"" (16mm)\nThickness :            1.2 mm \nGrit :                       150 (medium grit) \nRPM :                     12000\nQuantity:               1 Piece\nSuitable for use in grinding on glass, marble or'";diamond_disc_grinding_wheel_titanium_coated_4inch___diamond_wheel_1.jpg;diamond_disc_grinding_wheel_titanium_coated_4inch___diamond_wheel_2.jpg;diamond_disc_grinding_wheel_titanium_coated_4inch___diamond_wheel_3.jpg
219835045;7031648977;0;Kabel Las Inverter Listrik 2,5m Kentaro Set Kabel Lengkap Ter;;3050487;113;b'Harga untuk 1pcs\n\nKabel las untuk mesin las inverter .\nMaksimal untuk travo las dengan ampere 200 amp . \nBahan Kabel tembaga murni dilapis dengan karet isolator tebal . \nDIAMETER KABEL 25mm (serabutkabel pure cooper)\nPanjang Kabel 2.5 meter FULL . \nDilengkapi dengan terminal Male sehingga tidak perlu membeli terminal lagi di jamin akan lebih hemat ha';Kabel_Las_Inverter_Listrik_2,5m_Kentaro_Set_Kabel_Lengkap_Ter_1.jpg;Kabel_Las_Inverter_Listrik_2,5m_Kentaro_Set_Kabel_Lengkap_Ter_2.jpg
219835045;7031648904;0;"Catok C 6"" Heavy duty / Clamp Besi Tebal Klem woodworking ";;1423691;160;"b'ready Catok C merk TENKA jepang. dijamin kualitas top\nsize : 6""\nHeavy duty, tebal dan berkualitas. Batang drat tebal .\ncatok C digunakan untuk menjepit 2 objek bersama sama\ncocok digunakan dalam bidang kerajinan kayu pengelasan, pekerjaan permesina'";Catok_C_6inch_Heavy_duty___Clamp_Besi_Tebal_Klem_woodworking__1.jpg;Catok_C_6inch_Heavy_duty___Clamp_Besi_Tebal_Klem_woodworking__2.jpg
219835045;7031472495;0;Terlaris  mata pisau ketam serut planer baja HSS berkualitas merk MOLLAR;;1432045;102;b'Informasi Produk:\nMohon dibaca deskripsi terlebih dahulu\n*stock tanyakan terlebih dahulu Harga tertera untuk sepasang mata planer HSS Mollar\nbahan baja HSS.\nPanjang 82mm\nFit untuk kebanyakan merk mesin pla';Terlaris__mata_pisau_ketam_serut_planer_baja_HSS_berkualitas_merk_MOLLAR_1.jpg;Terlaris__mata_pisau_ketam_serut_planer_baja_HSS_berkualitas_merk_MOLLAR_2.jpg
219835045;6931651125;0;waterpass magnet saku / waterpass mini + magnet & pen;;738152;120;b'Informasi Produk:\nMohon dibaca deskripsi terlebih dahulu\n*stock tanyakan terlebih dahulu waterpass mini, ada penjepit bisa taroh ikat pinggang. ukuran kecil, bisa di kantongin.\ndilengkapi dgn ma';waterpass_magnet_saku___waterpass_mini_+_magnet_&_pen.jpg
219835045;6831651163;0;"Flap disc wool poles mesin gerinda 4"" gosok Metal polishing / Bu";;1135502;166;"b'Informasi Produk:\nMohon dibaca deskripsi terlebih dahulu\n*stock tanyakan terlebih dahulu Flap disc wool poles 4""\npenggunaan seperti flap disc amplas pada umumnya hanya saja ini berbahan wool yg di padatkan.\nberfungsi sebagai wool poles untuk bahan2 metal. tinggal di padukan dgn obat poles misalnya langsol atau autosol atau pasta poles lai'";Flap_disc_wool_poles_mesin_gerinda_4inch_gosok_Metal_polishing___Bu_1.jpg;Flap_disc_wool_poles_mesin_gerinda_4inch_gosok_Metal_polishing___Bu_2.jpg;Flap_disc_wool_poles_mesin_gerinda_4inch_gosok_Metal_polishing___Bu_3.jpg
219835045;6831648910;0;Stand dudukan mesin gerinda tangan hand grinder jadi mesin cut o;;6294228;140;"b'NB: Merk prescott sudah tdk digunakan lagi, produk di gantikan dengan merk DOZIRO. semua spesifikasinya Sama persis karena memang dari 1 company. hanya saja beda warna Doziro warnanya hijau. Kualitas produk SAMA\n\n\nGambar tertera yang di jual HANYA dudukannya saja. mesin gerinda hanya sebagai contoh.\n\nsudah READY lagi, merk PRESCOTT .(cek video)\n\nmenurut saya dudukan gerinda prescott adalah yg terbaik di kelasnya.\nReview:\nKerapian, presisi, ketebalan bahan best quality di kelas dudukan gerinda.\nDilengkapi sparkboard pelindung mata potong. \nBagian alas dilengkapi dengan karet di 4 sudut.\nPer tebal, sehingga tarikan terasa smooth namun mantap.\nBahan tebal berkualitas. \n\nDimensi keseluruhan 240 x 190 x 280mm\nSesuai untuk circular saw diameter 115mm atau 125mm, 4"" s.'";Stand_dudukan_mesin_gerinda_tangan_hand_grinder_jadi_mesin_cut_o_1.jpg;Stand_dudukan_mesin_gerinda_tangan_hand_grinder_jadi_mesin_cut_o_2.jpg;Stand_dudukan_mesin_gerinda_tangan_hand_grinder_jadi_mesin_cut_o_3.jpg;Stand_dudukan_mesin_gerinda_tangan_hand_grinder_jadi_mesin_cut_o_4.jpg;Stand_dudukan_mesin_gerinda_tangan_hand_grinder_jadi_mesin_cut_o_5.jpg
219835045;6731651681;0;heat gun / hot gun 700w / Plastic welding torch / blower las pl;;6734729;108;b'Informasi Produk:\nMohon dibaca deskripsi terlebih dahulu\n*stock tanyakan terlebih dahulu Hot Air Gun / Plastic Welding Torch\n\nPenggunaan nya sama dgn mesin heat gun lainnya, hanya saja heat gun ini dilengkapi dengan 2 nozzle tambahan untuk plastic welding torch (Las plastik) , serta watt mesin ini hanya 700watt saja. merk2 lain yg ada umumnya 1000w keatas. \n\nBrand : C-Mart\nVoltage : 220V\nPower Input : 700 Watt\nTemperature : 100 - 550 Derajat Celcius\nAir Volume : 50L - 300L/Min\nUkuran exhaust / moncong : 17,5mm ( bisa dirubah dengan menambahkan aksesoris menjadi 10,5mm dan 8mm\nFunction : Hot / Coo';heat_gun___hot_gun_700w___Plastic_welding_torch___blower_las_pl_1.jpg;heat_gun___hot_gun_700w___Plastic_welding_torch___blower_las_pl_2.jpg;heat_gun___hot_gun_700w___Plastic_welding_torch___blower_las_pl_3.jpg;heat_gun___hot_gun_700w___Plastic_welding_torch___blower_las_pl_4.jpg
219835045;6731648947;0;Kawat Las Listrik Khusus Stainless Electrodes Techweld 2 X;;222407;199;b'Kawat Las listrik Stainless . \nby Techweld power welding equipment.\n\nHarga tertera adalah harga per batang \nUkuran 2.0 mm x 250mm\n\nMINIMAL PEMBELIAN ';Kawat_Las_Listrik_Khusus_Stainless_Electrodes_Techweld_2_X_1.jpg;Kawat_Las_Listrik_Khusus_Stainless_Electrodes_Techweld_2_X_2.jpg;Kawat_Las_Listrik_Khusus_Stainless_Electrodes_Techweld_2_X_3.jpg
219835045;6631651610;0;pocket hole jig silverline for invisible joint 6mm 8mm 10;;3000305;116;b'Informasi Produk:\nMohon dibaca deskripsi terlebih dahulu\n*stock tanyakan terlebih dahulu Pocket hole jig \nPocket Hole Jig adalah suatu alat bantu poertukangan yang digunakan pada penyambungan-penyambungan kayu agar lebih rapi dan tidak terlihat, yaitu dengan cara melubangi kayu dengan sudut 15 derajat kemudian menggunakan skrup untuk menyatukan dua bagian kayu tersebut. \n\nproduk silverline ini, dikirimkan Polosan , tanpa kemasan aslinya\n\nMaterial : Solid block aluminium\nSize : 6mm - 8mm - 10mm\n\nanda dapat membeli juga set mata bor nya di :\nhttps://www.shopee.com/rumahbajukita/mata-bor-set-3pcs-untuk-pocket-hole-silverline-6mm-8mm-10mm-stoppe';pocket_hole_jig_silverline_for_invisible_joint_6mm_8mm_10_1.jpg;pocket_hole_jig_silverline_for_invisible_joint_6mm_8mm_10_2.jpg;pocket_hole_jig_silverline_for_invisible_joint_6mm_8mm_10_3.jpg
219835045;6631651162;0;cctv palsu fake camera / dummy replika cctv i;;923619;127;"b'Informasi Produk:\nMohon dibaca deskripsi terlebih dahulu\n*stock tanyakan terlebih dahulu Deskripsi\t\nini adalah Kamera pengintai palsu yang dibuat mirip dengan kamera aslinya.\nPemasangan alat ini juga sangat mudah.( tanpa kabel apapun)\n\nAlat ini cocok untuk dipasangkan di rumah atau ruangan kantor, sebagai shock terapi\nagar penjahat takut masuk ke rumah, atau karyawan menjadi lebih rajin dalam\nbekerja, karena merasa diawasi kamera pengintai.\n\nInstalasi sistem CCTV memakan biaya yang tidak sedikit. Simulator CCTV ini adalah solusi murah bagi pemilik rumah/toko yang ingin ""menggertak"" calon maling tanpa perlu memasang perangkat lengkap CCTV yang bernilai jutaan rupiah. Simulator ini hanya memerlukan 2 baterai dan akan berkedip mirip CCTV asli. Baterai bisa bertahan 2-3 bulan. Mereka yang berniat buruk akan mengira simulator ini sebagai CCTV asli dan membatalkan niatnya.\n\nFungsi alat ini sangat efektif bila dicampur dengan CCTV asli, layar monitor (agar orang luar tidak bisa menyangka keberadaan CCTV palsu), plus stiker bertuliskan ""Toko ini dilengkapi CCTV"".\n\nPERHATIAN: Kamera ini TIDAK bisa mendeteksi gerakan (meski tertulis di kotak bahwa produk ini menggunakan ""Motion Detection System"". Sensor pada produk hanya hiasan belaka. Harap diperhatikan dan dimaklumi.)\n\nUntuk mengelabui atau menggertak maling bila dilihat sangat mirip dengan CCTV Asli sehingga maling akan was-was juga melihatnya.\nUkuran kotak kemasan + - 11 x 11 x 8 cm\nUkuran produk + - 10.5 x 10.5 x 7 cm\n\nTerdapat tenaga lampu merah berkedip menggunakan baterai AA 2 pcs (tidak termasuk).\n\nWarna: '";cctv_palsu_fake_camera___dummy_replika_cctv_i_1.jpg;cctv_palsu_fake_camera___dummy_replika_cctv_i_2.jpg;cctv_palsu_fake_camera___dummy_replika_cctv_i_3.jpg
219835045;6631651130;0;digital multimeter Tolsen industrial class alat ukur multi test;;4583339;103;"b'Informasi Produk:\nMohon dibaca deskripsi terlebih dahulu\n*stock tanyakan terlebih dahulu TOLSEN 38031 digital Multi meter industrial class \ntingkat keakuratan tinggi. industrial class. heavy duty.\noriginal from TOLSEN\n\nSpecification :\n* IEC-61010 CAT III\n* 3.5"" Digit LCD (maksimal pembacaaan 1999)\n* LCD display besar\n* Perlidungan jika terjadi overload\n* Data Hold Mode\n* Auto Power Off\n\nPengukuran bisa digunakan untuk :\n* Tegangan DC 200m / 2 / 20 / 200 / 300 volt\n* Tegangan AC 2 / 20 / 200 / 300 volt\n* Arus DC 200uA / 2m / 20m / 200m / 10A\n* Arus AC 2m / 20m / 200m / 10A\n* Tahanan listrik 200 / 2K / 20K / 200K / 2M / 20M OHM\n* Status cek baterai\n* Status cek '";digital_multimeter_Tolsen_industrial_class_alat_ukur_multi_test_1.jpg;digital_multimeter_Tolsen_industrial_class_alat_ukur_multi_test_2.jpg;digital_multimeter_Tolsen_industrial_class_alat_ukur_multi_test_3.jpg
219835045;6531651120;0;100pcs sekrup kotak khusus sambungan jig pocket hole Kreg wo;;1897268;142;b'Informasi Produk:\nMohon dibaca deskripsi terlebih dahulu\n*stock tanyakan terlebih dahulu isi 100pcs\n\nsekrup khusus dengan kepala kotak untuk proses jig sambungan kayu, dengan kepala kotak membuat kepala sekrup bertahan jauh2 lebih lama drpd yg kepala plus/kembang. tidak mudah dol. \n\nUjung pada sekrup ini berbeda dengan sekrup biasa pada umumnya, bentuk ujung skrup dgn sistem self drilling point (cek gambar ke 3)\n\nSehingga Penggunaan sekrup khusus pd penyambungan kayu juga mencegah terjadi retaknya kayu akibat tekanan bor pd saat proses penyekrupan. \n\npanjang 32mm\nsquare screw kepala kotak\n\nuntuk yg belum punya mata obengnya klik : \nhttps://www.shopee.com/rumahbajukita/1pcs-mata-obeng-pocket-hole-panjang-mata-obeng-sekrup-kotak-dowel-jig\n\natau klik :\nhttps://www.shopee.com/rumahbajukita/2pcs-mata-obeng-pocket-hole-panjang-mata-obeng-sekrup-kotak-dowe';100pcs_sekrup_kotak_khusus_sambungan_jig_pocket_hole_Kreg_wo_1.jpg;100pcs_sekrup_kotak_khusus_sambungan_jig_pocket_hole_Kreg_wo_2.jpg;100pcs_sekrup_kotak_khusus_sambungan_jig_pocket_hole_Kreg_wo_3.jpg
219835045;6531649450;0;"Mesin gerinda tangan 4"" Black & Decker G650 super slim sirkel ";;6085652;119;b'Black & Decker G650\nmodel slim, ada handle\nSpesifikasi\nPower 650 W\nNo Load Speed 1200 RPM\nSpindle Size M10\nSize 100 mm\nSwitch Tipe Slide\nTotal free adjustable guard No\nSecond Handle Yes\nCable Lengt';Mesin_gerinda_tangan_4inch_Black_&_Decker_G650_super_slim_sirkel__1.jpg;Mesin_gerinda_tangan_4inch_Black_&_Decker_G650_super_slim_sirkel__2.jpg;Mesin_gerinda_tangan_4inch_Black_&_Decker_G650_super_slim_sirkel__3.jpg
219835045;6531648901;0;hand planer manual ketam kayu block plane / Smoothing plane BEST;;2817869;186;b'BLOCK PLANE BESTTOOLS\nPlaner manual dr besttools , dengan bentuk yg ergonomic sangat nyaman di pakai, sistem double gear memudahkan dlm proses setting mata pisau. Mata pisau bisa di asah ulang. \n\nFeature:\nPrecise Adjustable: The precise cam-lock & 2 precise and double-gear adjuster will make the plan work for various wood easily!\nHand Easing: Designed according to human features, the creative handles can fit your hand which keep you cozy and out of hurt during your long work!\nDurable Service: Made of Casting Iron & 65 Manganese Steel of high quality, corrosion-resistant epoxy coating, you will enjoy its long lifespan!\nPowerful Use: With the sharp blade, equal size & weight and large capacity to remove sticky chips, the plan is strong enough to help you mow down all the jobs stably! A perfect gift for DIY, Family Daily Use, Professional worker, Industry Manufacture, etc..\n\nSpecification:\nColor: Red\nBlade Width: 2.0\xe2\x80\x9d\nBlade Length: 2.95\xe2\x80\x9d\nBlade hardness: 58-62HRC\nPlane Size: 9.3\xe2\x80\x9d x 2.0\xe2\x80\x9d x 3.74\xe2\x80\x9d\n\nApplication:\n1.Designed for both professors and beginners, and ideal for both family and industrial use!\n2.Mainly fit for planing various types of wood, including wood of soft and hard! You can plane and shave the wood along or against the texture smoothly!\n\nNote:\nThe Blade Is Initially Forged Edge, You Can Sharpen It Further If Necessary.\nPlease Check The Depth & Alignment Of Cutter Or Whether Planing Along The Wood G';hand_planer_manual_ketam_kayu_block_plane___Smoothing_plane_BEST_1.jpg;hand_planer_manual_ketam_kayu_block_plane___Smoothing_plane_BEST_2.jpg;hand_planer_manual_ketam_kayu_block_plane___Smoothing_plane_BEST_3.jpg;hand_planer_manual_ketam_kayu_block_plane___Smoothing_plane_BEST_4.jpg
219835045;6431649467;0;tatah kayu set 3pcs TEKIRO / ketam serut kayu / Tekiro wood chise;;2618864;168;"b'Tatah kayu Tekiro Original\n1set isi 3pcs, original by Tekiro. \nBahan heat treated alloy steel  berkualitas dengan  handle yg nyaman di pegangan, dan anti slip. \nsize 1/2"" , 3/4"" d'";tatah_kayu_set_3pcs_TEKIRO___ketam_serut_kayu___Tekiro_wood_chise_1.jpg;tatah_kayu_set_3pcs_TEKIRO___ketam_serut_kayu___Tekiro_wood_chise_2.jpg;tatah_kayu_set_3pcs_TEKIRO___ketam_serut_kayu___Tekiro_wood_chise_3.jpg
219835045;6431649419;0;Sikat Kawat Baja Untuk Mini Grinder Sikat Vertikal High Qu;;185760;141;b'minimal pembelian 2pcs\n\nsikat kawat baja high quality tipe vertikal untuk mini grinder,bor tuner , dremel, penggunaan untuk sudut yang sulit dijangkau oleh sikat tipe lainnya.diameter tangkai shaft standar 3.175mm\n\nFeatures: \nIdeal for cleaning flat surfaces and removing rust and corrosion from items made of brass, copper or other soft ferrous metals such as tools, door knobs, automobile parts and electrical contacts. \n\nDescription\nDiameter: 5mm \nOverall length: 45mm\nArbor size: 3.0mm \nMaterial: 0.10 Crimped Stainless Steel Wire (ROF) \nMax rpm: 1';Sikat_Kawat_Baja_Untuk_Mini_Grinder_Sikat_Vertikal_High_Qu_1.jpg;Sikat_Kawat_Baja_Untuk_Mini_Grinder_Sikat_Vertikal_High_Qu_2.jpg;Sikat_Kawat_Baja_Untuk_Mini_Grinder_Sikat_Vertikal_High_Qu_3.jpg;Sikat_Kawat_Baja_Untuk_Mini_Grinder_Sikat_Vertikal_High_Qu_4.jpg;Sikat_Kawat_Baja_Untuk_Mini_Grinder_Sikat_Vertikal_High_Qu_5.jpg
219835045;6431648928;0;Pisau Cutter Lipat Baja Carbon Steel Heavy Duty Kentaro Japan Qu;;2115681;147;b'Cutter Foldable Heavy Duty Kentaro 1 + 3pcs mata pisau\n\nBahan : Baja carbon steel SK5\nHandle : Zinc Alloy + HQ ABS\nBahan tebal Kuat dan kokoh, bisa di lipat.\nKetebalan mata pisau 0.6mm\n\nBiasa digunakan untuk memotong Plastic / Acrylic, Mika tebal, Plat alumunium percetakan, Cardboar, Partikel, MDF, Papan Gypsum, Papan Semen GRC , Kalsiboard dll.\n\nPISAU SANGAT TAJAM, TIDAK UNTUK MAINAN ANAK A';Pisau_Cutter_Lipat_Baja_Carbon_Steel_Heavy_Duty_Kentaro_Japan_Qu_1.jpg;Pisau_Cutter_Lipat_Baja_Carbon_Steel_Heavy_Duty_Kentaro_Japan_Qu_2.jpg;Pisau_Cutter_Lipat_Baja_Carbon_Steel_Heavy_Duty_Kentaro_Japan_Qu_3.jpg
219835045;6331651693;0;"mini Locking plier C clamp 7"" swivel pad Tang catok C klem tang ";;1473862;152;"b'Informasi Produk:\nMohon dibaca deskripsi terlebih dahulu\n*stock tanyakan terlebih dahulu Promo\n\nmini Locking C clamp 7"" with swivel pads\n\nTang catok C  dengan swivel pad (penampang mulut fleksibel)\nsize 7""  / 175mm / 17.5cm \nbukaan mulut 40mm\n\nsementara stok ter'";mini_Locking_plier_C_clamp_7inch_swivel_pad_Tang_catok_C_klem_tang__1.jpg;mini_Locking_plier_C_clamp_7inch_swivel_pad_Tang_catok_C_klem_tang__2.jpg;mini_Locking_plier_C_clamp_7inch_swivel_pad_Tang_catok_C_klem_tang__3.jpg;mini_Locking_plier_C_clamp_7inch_swivel_pad_Tang_catok_C_klem_tang__4.jpg;mini_Locking_plier_C_clamp_7inch_swivel_pad_Tang_catok_C_klem_tang__5.jpg
219835045;6331651615;0;Batu asah mata pisau TCT blade mesin planer ketam body batu ;;1123262;151;b'Informasi Produk:\nMohon dibaca deskripsi terlebih dahulu\n*stock tanyakan terlebih dahulu Ready merk HIOSHI\nBatu asah TCT Blade\nBatu asah khusus untuk asah pisau  planner High quality (kandungan Diamond tinggi )\nSangat cocok untuk mengasah pisau jenis TCT ataupun pisau dapur.\n\nsize 150mm x 90mm x20mm\n\nCara pakai \n- Rendam/basahi batu dengan air selama lebih kurang 2 menit, bisa juga menggunakan minyak.\n- asah pisau dengan gerakan searah. \n- Gunakan honing guide untuk membantu mempermudah kesejajaran mata pisau.\n- Atau anda bisa asah secara terbalik dgn menggunakan landasan penjepit mata blade dr kayu (seperti pd G';Batu_asah_mata_pisau_TCT_blade_mesin_planer_ketam_body_batu__1.jpg;Batu_asah_mata_pisau_TCT_blade_mesin_planer_ketam_body_batu__2.jpg;Batu_asah_mata_pisau_TCT_blade_mesin_planer_ketam_body_batu__3.jpg
219835045;6331651190;0;"spring clamp 9"" / klem jepit / jepitan kayu craft banner quick ";;1233772;142;"b'Informasi Produk:\nMohon dibaca deskripsi terlebih dahulu\n*stock tanyakan terlebih dahulu Harga Promo\n\nSpring clamp 9""\nclamp tools dgn per , sebagai alat bantu utk penjepitan 2 obyek secara cepat. \nproduk berkualitas , jepitannya mantap\nmaterial ABS\n\nbukaan max 10cm ( jangan pakai full, batasi max di 8cm s'";spring_clamp_9inch___klem_jepit___jepitan_kayu_craft_banner_quick_.jpg
219835045;6331651114;0;"catok C 4"" quick clamp release clamp c 4"" catok kayu quick cla";;1467299;111;"b'Informasi Produk:\nMohon dibaca deskripsi terlebih dahulu\n*stock tanyakan terlebih dahulu Quick n Release Clamp C4""\ncatok clamp dgn fitur quick release. Tools fastener clamp untuk membantu pekerjaan perkayuan anda dgn cepat dan praktis.\nukuran 4""\nmaterial : ABS '";catok_C_4inch_quick_clamp_release_clamp_c_4inch_catok_kayu_quick_cla.jpg
219835045;6231651683;0;plastik packing 20x30cm online shipping bag amplop plastik Poly M;;986958;133;b'Informasi Produk:\nMohon dibaca deskripsi terlebih dahulu\n*stock tanyakan terlebih dahulu Shipping bag green plastic\namplop plastik, cocok untuk online shop utamanya anda yg sering packing  utk produk2 yg bentuknya tdk beraturan, tinggal kasih bubble lgs packing. \n- Lentur dan kuat.\n- Self Adhesive seal. Sudah ada perekat dgn lem khusus segel. sekali tempel tdk bisa ditarik kecuali di sobek.\n- Waterproof/anti air.\n- Praktis, rapi , mewah dan profesional.\n\nsize : lebar 20cm , panjang total 30cm \nwarna : Bagian luar hijau , bagian dalam Hitam\nHarga tertera untuk 1bundle isi ';plastik_packing_20x30cm_online_shipping_bag_amplop_plastik_Poly_M_1.jpg;plastik_packing_20x30cm_online_shipping_bag_amplop_plastik_Poly_M_2.jpg;plastik_packing_20x30cm_online_shipping_bag_amplop_plastik_Poly_M_3.jpg
219835045;6231651642;0;"mata potong rumput 10"" 40T grass circular blade 10"" brush cutter ";;1651822;180;"b'Informasi Produk:\nMohon dibaca deskripsi terlebih dahulu\n*stock tanyakan terlebih dahulu brush cutter blade KBT Korea \nuntuk mesin potong rumput. (bisa juga di gunakan utk bambu/kayu)\n\ndim : 10""\nteeth : 40T\nas : 25,4mm (1"")\n\nCarbid tips nya tipis, cuman sekitar 1,'";mata_potong_rumput_10inch_40T_grass_circular_blade_10inch_brush_cutter__1.jpg;mata_potong_rumput_10inch_40T_grass_circular_blade_10inch_brush_cutter__2.jpg;mata_potong_rumput_10inch_40T_grass_circular_blade_10inch_brush_cutter__3.jpg
219835045;6231651620;0;plastik packing 25x35cm online shipping bag amplop plastik Poly M;;1193727;172;b'Informasi Produk:\nMohon dibaca deskripsi terlebih dahulu\n*stock tanyakan terlebih dahulu Shipping bag green plastic 25cm x 35cm\n\namplop plastik, cocok untuk online shop utamanya anda yg sering packing  utk produk2 yg bentuknya tdk beraturan, tinggal kasih bubble lgs packing. \n- Lentur dan kuat.\n- Self Adhesive seal. Sudah ada perekat dgn lem khusus segel. sekali tempel tdk bisa ditarik kecuali di sobek.\n- Waterproof/anti air.\n- Praktis, rapi , mewah dan profesional.\n\nsize : lebar 25cm , panjang total 35cm \nwarna : Bagian luar hijau , bagian dalam Hitam\nHarga tertera untuk 1bundle isi ';plastik_packing_25x35cm_online_shipping_bag_amplop_plastik_Poly_M_1.jpg;plastik_packing_25x35cm_online_shipping_bag_amplop_plastik_Poly_M_2.jpg;plastik_packing_25x35cm_online_shipping_bag_amplop_plastik_Poly_M_3.jpg
219835045;6231651168;0;Catok Kayu Clamp F 300mm Bahan Tebal Heavy Duty Catok Woodworkin;;2081155;191;b'Informasi Produk:\nMohon dibaca deskripsi terlebih dahulu\n*stock tanyakan terlebih dahulu Catok f heavy duty.\nbahan tebal kualitas bagus\narea catok 300mm (30cm)\nkedalaman 120mm (';Catok_Kayu_Clamp_F_300mm_Bahan_Tebal_Heavy_Duty_Catok_Woodworkin_1.jpg;Catok_Kayu_Clamp_F_300mm_Bahan_Tebal_Heavy_Duty_Catok_Woodworkin_2.jpg;Catok_Kayu_Clamp_F_300mm_Bahan_Tebal_Heavy_Duty_Catok_Woodworkin_3.jpg
219835045;6231651108;0;Siku L siku tukang kayu Jumbo bahan plat tebal woodworking ;;1839809;150;"b'Informasi Produk:\nMohon dibaca deskripsi terlebih dahulu\n*stock tanyakan terlebih dahulu Siku Tukang jumbo 24"" x 16""\n\nukuran  :    60cm x 40cm\nlebar 5cm \nTebal plat besi 1.8mm\n\nProduk ini jangan di campur dengan barang2 lain.  resiko terkena volume, ongkir lebih m'";Siku_L_siku_tukang_kayu_Jumbo_bahan_plat_tebal_woodworking_.jpg
219835045;6131651632;0;"catok C 3"" quick clamp release clamp c 3"" quick cla";;1894956;196;"b'Informasi Produk:\nMohon dibaca deskripsi terlebih dahulu\n*stock tanyakan terlebih dahulu Quick n Release Clamp C 3""\ncatok clamp dgn fitur quick release. Tools fastener clamp untuk membantu pekerjaan perkayuan anda dgn cepat dan praktis.\nukuran 3""\nmaterial : ABS '";catok_C_3inch_quick_clamp_release_clamp_c_3inch_quick_cla.jpg
219835045;6131651183;0;Magnetic Welding angle holder Siku magnet JUMBO DALBO magne;;1814203;153;"b'Informasi Produk:\nMohon dibaca deskripsi terlebih dahulu\n*stock tanyakan terlebih dahulu dikirimkan antara merk Wipro atau ALDO, tergantung mana yg ready\n\nSmart magnet Jumbo 5"" / 75lbs\n\nSmart magnet sangat berguna untuk membantu anda utamanya dalam pengerjaan dibidang pengelasan/welding.\nsebagai alat bantu penahan Obyek Las, baik dalam bentuk batangan ataupun lembaran.\nbisa difungsikan sbg protractor dengan sudut 45 - 90 - 135 derajat.\n\nNamun kegunaan smart magnet ini tidak terbatas hanya dalam kegiatan pengelasan saja, smart magnet ini juga bisa diperbantukan dalam pekerjaan poles, grinding, painting, assembling, pipe construction,konstruksi maket , craft, dsb bergantung kreatifitas masing2 peng'";Magnetic_Welding_angle_holder_Siku_magnet_JUMBO_DALBO_magne_1.jpg;Magnetic_Welding_angle_holder_Siku_magnet_JUMBO_DALBO_magne_2.jpg;Magnetic_Welding_angle_holder_Siku_magnet_JUMBO_DALBO_magne_3.jpg;Magnetic_Welding_angle_holder_Siku_magnet_JUMBO_DALBO_magne_4.jpg
219835045;6131651128;0;CARSUN cleaner compact tablet sabun obat cleaner pembersih kaca ;;1016666;127;b'Informasi Produk:\nMohon dibaca deskripsi terlebih dahulu\n*stock tanyakan terlebih dahulu CARSUN cleaner compact\ntablet sabun pembersih\n1tablet untuk 4 Liter air.\n\n6PCS/Pack Car Solid Wiper Fine Seminoma Wiper Car Auto\nWindow Cleaning Car Windshield Glass Cleaner  LA-106\n\nFeature : \nProof dust,\nNo water mark residue,\nCan go to the oil,Save space\nEfficient enrichment\nSafety and environmental protection,It does not contain phosphorus.\nEconomic material benefit\nEasy to use\n1Pcs Use 2.5-4l Clear ';CARSUN_cleaner_compact_tablet_sabun_obat_cleaner_pembersih_kaca__1.jpg;CARSUN_cleaner_compact_tablet_sabun_obat_cleaner_pembersih_kaca__2.jpg;CARSUN_cleaner_compact_tablet_sabun_obat_cleaner_pembersih_kaca__3.jpg;CARSUN_cleaner_compact_tablet_sabun_obat_cleaner_pembersih_kaca__4.jpg
219835045;6131649463;0;buku tato gambar sketsa design tattoo boo;;2441450;158;b'Persediaan TERBATAS\ncocok untuk tambahan kasanah design tato anda. \nModel traditional chinese mafia tattoo style\n\n\nTraditional Chinese Practical Tattooing Manuscripts, Different And Wonderful Image, Give You More Choices.\n\nFeatures:\n1.China Style, The Main Pictures Include Set Prajna, kapala, Like God, Monkey King, A Buddism, Guanyin, Huadan, Tang Lion, Dragon And So On.\n2.A Wonderful Reference Book For Tattoo Works Creative Design.\n3.The Photos Just Show Some Of Pages, There Are Still Contents Wonderful Figure For Your Tattoo In The Book.\n4.Different Sample Image For Tattoo.\n\nSpecification:\nSize:21 x 28 x 0.5cm\nPage:70\nType: China ';buku_tato_gambar_sketsa_design_tattoo_boo_1.jpg;buku_tato_gambar_sketsa_design_tattoo_boo_2.jpg;buku_tato_gambar_sketsa_design_tattoo_boo_3.jpg;buku_tato_gambar_sketsa_design_tattoo_boo_4.jpg;buku_tato_gambar_sketsa_design_tattoo_boo_5.jpg
219835045;6131649441;0;Mata gerinda Potong Resin Hitam Untuk Metal Logam mesin Mini Gr;;805828;182;"b'Harga tertera untuk 1cup = 36pcs resin hitam\n\nThermally reinforced abrassive cutting disc black resin\n\nMata potong resin hitam untuk potong metal logam \nlebih kuat dan tajam daripada yg berwarna coklat, silahkan di coba.\nfoto real product yg di jual.\n\nSpecificaiton:\nBahan: Resin hard abrassive\nJenis: Abrassive Disc\nWarna hitam\nCutting Disc diameter: 22mm (0.88"")  \nMiddle hole diameter: 2mm (0.08"")\n\nBahan yang dapat dipotong:\nlogam / metal , plastik, akrilik, pcb , mur baut pun mudah di po'";Mata_gerinda_Potong_Resin_Hitam_Untuk_Metal_Logam_mesin_Mini_Gr_1.jpg;Mata_gerinda_Potong_Resin_Hitam_Untuk_Metal_Logam_mesin_Mini_Gr_2.jpg;Mata_gerinda_Potong_Resin_Hitam_Untuk_Metal_Logam_mesin_Mini_Gr_3.jpg
219835045;6131472086;0;"Rantai chainsaw 11.5"" spare part mata pisau potong mesin chai";;1670192;113;b'Informasi Produk:\nMohon dibaca deskripsi terlebih dahulu\n*stock tanyakan terlebih dahulu Spare part mata potong adapter mesin chainsaw ';Rantai_chainsaw_11.5inch_spare_part_mata_pisau_potong_mesin_chai.jpg
219835045;6131472053;0;Pocket hole jig silverline 6mm 8mm 10mm unpacked woodworking jig ;;2075196;133;b'Informasi Produk:\nMohon dibaca deskripsi terlebih dahulu\n*stock tanyakan terlebih dahulu Pocket hole Silverline\npocket hole jig Unpacked, diimpor tanpa kemasan blister aslinya, harga super murah.\nmaterial solid block aluminium\nsize baut guide 6mm - 8mm - 10mm \n\nPocket Hole Jig 6mm 8mm 10mm Woodworking Wood Jig Pocket Sized Handy Tool\nFor perfect screw joints every time. Complete with 6, 8 & 10mm guides allowing the joint to be filled with a dowel.\n\nyg butuh mata bor stopper nya uk 6mm , 8mm, 10mm klik >>>  https://www.shopee.com/rumahbajukita/mata-bor-set-3pcs-untuk-pocket-hole-silverline-6mm-8mm-10mm-st';Pocket_hole_jig_silverline_6mm_8mm_10mm_unpacked_woodworking_jig__1.jpg;Pocket_hole_jig_silverline_6mm_8mm_10mm_unpacked_woodworking_jig__2.jpg;Pocket_hole_jig_silverline_6mm_8mm_10mm_unpacked_woodworking_jig__3.jpg;Pocket_hole_jig_silverline_6mm_8mm_10mm_unpacked_woodworking_jig__4.jpg
219835045;6031651645;0;kabel fleksibel gerinda mini flexible mini grinder mollar benz NR;;2167121;105;b'Informasi Produk:\nMohon dibaca deskripsi terlebih dahulu\n*stock tanyakan terlebih dahulu spare part Kabel tuner mini grinder , cocok untuk merk mollar, benz atau merk lain yg sejenis. \nbiasanya mini grinder yg rusak duluan adalah kabel tunernya, putus kawatnya, aus chuck nya dsb.\nPanjang 108cm\n\n\nstock limit';kabel_fleksibel_gerinda_mini_flexible_mini_grinder_mollar_benz_NR_1.jpg;kabel_fleksibel_gerinda_mini_flexible_mini_grinder_mollar_benz_NR_2.jpg
219835045;6031651624;0;Mesin blower angin tekanan tinggi Richu hand blower computer cl;;3359112;133;b'Informasi Produk:\nMohon dibaca deskripsi terlebih dahulu\n*stock tanyakan terlebih dahulu Electric hand blower\n\nMesin blower angin tekanan tinggi multi fungsi harga murah.\ndifungsikan misalnya sebagai : \n- Pengering untuk karpet , kasur, spring bed , sofa, bulu binatang peliharaan, dll \n- Membersihkan debu atau kotoran pada mesin mobil, foto copy, cpu computer, mesin2 pabrik dll\nwatt : 380w\nno load speed : 13000rpm\n\nmeskipun bisa untuk sedot, kita sarankan jangan, fungsi sebenarnya dari blower adalah untuk tiup. penggunaan sbg vacuum berisiko masuknya kotoran ke mesin. sebab memang tdk dirancang khusus sbg mesin penyedot.\n\nUnit mesin selalu kita bubble, produk Richu ini rawan p';Mesin_blower_angin_tekanan_tinggi_Richu_hand_blower_computer_cl_1.jpg;Mesin_blower_angin_tekanan_tinggi_Richu_hand_blower_computer_cl_2.jpg;Mesin_blower_angin_tekanan_tinggi_Richu_hand_blower_computer_cl_3.jpg
219835045;6031649444;0;Mini trimming planer alat ketam serut kayu gabus mata baja hobb;;879586;149;"b'ini yg pisaunya bahan baja yah, bisa diasah ulang, bukan pakai pisau silet cukur\n\nTrimming Plane\nAlat serut manual mini 3.5""\nMerk Sellery\n\nBanyak fungsi dari alat ketam kecil ini, utamanya utk smoothing mulai dari kebutuhan hobi aeromodelling, craft woodworking, Foam models dll\n\nmata pisau bisa di asah ulang menggunakan batu asah TCT\nUkuran dimensi :\nPanjang 90 mm\nLebar 30 mm\nTinggi 25 mm\nLebar pisau '";Mini_trimming_planer_alat_ketam_serut_kayu_gabus_mata_baja_hobb_1.jpg;Mini_trimming_planer_alat_ketam_serut_kayu_gabus_mata_baja_hobb_2.jpg;Mini_trimming_planer_alat_ketam_serut_kayu_gabus_mata_baja_hobb_3.jpg
219835045;6031649406;0;new electric sander NRT-Pro 921 HD mesin amplas NRT + box;;4851699;161;b'Electric sander NRT-Pro 921 HD \n\nmesin amplas terbaru dari NRT , dilengkapi dgn box debu untuk lebih mengurangi limbah debu kayu.\n\nspesifikasi :\nDaya. : 260watt\nVoltase. : 220v\nFrekuensi. : 50Hz\nKec tanpa beban : 13000rpm\nUkuran alas : 93mm x 185mm\nUkuran kertas amplas : 93mm x ';new_electric_sander_NRT-Pro_921_HD_mesin_amplas_NRT_+_box_1.jpg;new_electric_sander_NRT-Pro_921_HD_mesin_amplas_NRT_+_box_2.jpg
219835045;6031472093;0;Terlaris  hand blower high speed murah pet blower anjing kucing variable ;;4906678;163;b'Informasi Produk:\nMohon dibaca deskripsi terlebih dahulu\n*stock tanyakan terlebih dahulu Electric hand blower NRT-Pro 4014HD\n\nMesin blower angin tekanan tinggi multi fungsi harga murah.\ndifungsikan misalnya sebagai : \n- Pengering untuk karpet , kasur, spring bed , sofa, bulu binatang peliharaan, dll \n- Membersihkan debu atau kotoran pada mesin mobil, foto copy, cpu computer, mesin2 pabrik dll\n\n6 speed \nwatt : 350w\nno load speed : 130';Terlaris__hand_blower_high_speed_murah_pet_blower_anjing_kucing_variable__1.jpg;Terlaris__hand_blower_high_speed_murah_pet_blower_anjing_kucing_variable__2.jpg;Terlaris__hand_blower_high_speed_murah_pet_blower_anjing_kucing_variable__3.jpg;Terlaris__hand_blower_high_speed_murah_pet_blower_anjing_kucing_variable__4.jpg;Terlaris__hand_blower_high_speed_murah_pet_blower_anjing_kucing_variable__5.jpg
219835045;6031472068;0;"Terlaris  Wool Polisher Poles Mobil Motor 5"" Bulu Wol Super Lembut ";;779725;161;"b'Informasi Produk:\nMohon dibaca deskripsi terlebih dahulu\n*stock tanyakan terlebih dahulu wool poles velcro 5""\npemakaian tinggal tempel pd pad poles v'";Terlaris__Wool_Polisher_Poles_Mobil_Motor_5inch_Bulu_Wol_Super_Lembut__1.jpg;Terlaris__Wool_Polisher_Poles_Mobil_Motor_5inch_Bulu_Wol_Super_Lembut__2.jpg
219835045;5931649826;0;Terlaris Slow start 3500w Inverator listrik stabil mesin anti jeglek soft ;;1225522;134;b'Informasi Produk:\nMohon dibaca deskripsi terlebih dahulu\n*stock tanyakan terlebih dahulu\n<br> Inverator Merek Trillion\n\nAlat ini memiliki kapasitas maksimal sebesar 3500 Watt  jadi baiknya gunakan untuk alat2 dgn daya separohnya sebagai antisipasi lonjakan dayanya. penggunaan bisa untuk Mesin cuci, AC, Kulkas,TV, Kipas Angin, Komputer, mesin bor dll\nSlow Startup Inverator ini adalah sebuah alat yang dipergunakan untuk menghasilkan start listrik yang lambat dan stabil pada saat pertama kali menghidupkan sebuah alat elektronik. Lampu hijau menyala ketika ada tarikan daya.\n\nInverator BUKAN alat TAMBAH DAYA. Kalau kapasitas listrik rumah anda lebih kecil dr watt listrik mesin biar anda pakai inverator tetap saja jeglek, tdk kuat. inverator hanya untuk mengatasi Lonjakan daya pada saat mesin running awal. \n\nANTI JEGLEK\nMembantu mengatasi Lonjakan listrik pada saat mesin pertama kali digunakan, agar tdk melebihi watt yg tercantum di mesin, sehingga listrik rumah yg seharusnya cukup tdk njeglek.\n\nHEMAT LISTRIK \nSaat dinyalakan, peralatan elektronik biasanya mengalami lonjakan tegangan yang tinggi, baru kemudian stabil setelah beberapa waktu. Ini menyebabkan TAGIHAN LISTRIK jadi lebih besar daripada seharusnya. Dengan begitu alat ini bisa menghemat listrik.\n\nAlat ini sangat cocok bagi Anda yang memiliki masalah dengan tegangan listrik yang sering turun atau bahkan mati mendadak pada saat menyalakan alat elektronik karena daya listrik di rumah Anda kurang. Beberapa peralatan elektronik di rumahan memang terkadang langsung menarik daya yang besar pada saat pertama kali dinyalakan. Misalnya saja komputer, AC, kulkas maupun televisi.\n\nNOTE:\n- Unit akan ditest berfungsi dengan baik 100% sebelum dikirim\n- Inverator tidak selalu bisa membantu untuk tidak jeglek karena setiap situasi listrik di rumah berbeda2, kami tidak bisa memberikan saran yg akurat karena itu butuh tukang listrik profesional. \n- Garansi tidak berlaku untuk produk ini\n- Tidak menerima pengembalian dengan alasan apapun\n\nMembeli berarti menyetujui syarat di atas\nDimensi 24x13x10 cm\nTerima ';Terlaris_Slow_start_3500w_Inverator_listrik_stabil_mesin_anti_jeglek_soft__1.jpg;Terlaris_Slow_start_3500w_Inverator_listrik_stabil_mesin_anti_jeglek_soft__2.jpg;Terlaris_Slow_start_3500w_Inverator_listrik_stabil_mesin_anti_jeglek_soft__3.jpg
219835045;5931649811;0;"Terlaris circular saw blade 7"" 60T mata pisau potong besi untuk mesin mite";;2501024;136;b'Informasi Produk:\nMohon dibaca deskripsi terlebih dahulu\n*stock tanyakan terlebih dahulu\n<br> Circular saw blade TCT for metal\nmata potong circular untuk potong metal, pastinya juga bisa untuk kayu hard maupun softwood.\nsekilas mata circular ini mirip dgn mata circular untuk kayu umumnya, hanya saja ada perbedaan pd ukuran dan tingkat kekerasan mata tip nya.\nCarbide titanium tipped menghasilkan potongan yg lebih bersih, rapi dan minim bunga api. \nDurasi pemotongan pun jauh lebih singkat dibanding menggunakan mata potong metal bahan batu.\n(cek Video DEMO , obyek potong yg di gunakan adalah besi batangan solid 16mm )\n\nbisa di pasangkan pada mesin table saw, mitter saw maupun pd mesin cut off (ring 22,23)\n\nuntuk para woodworkers yg biasa berhubungan dengan janda2, dimana janda bekas biasanya masih terselip paku2 patah atau yg tertinggal, sudah ga perlu kuatir lagi mata potong mengenai paku. Anda dapat menggarap janda dengan tenang tentunya. \n\nFeatures:\nAnti kick back design.\nThin kerf cut\nMicrogain carbide with titanium\n#400 grade diamond for grinding \n\ninclude ring washer 22,2mm dan';Terlaris_circular_saw_blade_7inch_60T_mata_pisau_potong_besi_untuk_mesin_mite_1.jpg;Terlaris_circular_saw_blade_7inch_60T_mata_pisau_potong_besi_untuk_mesin_mite_2.jpg
219835045;5931472047;0;Terlaris  Blow torch burner jet flame gun kepala burner pa;;1108698;145;b'Informasi Produk:\nMohon dibaca deskripsi terlebih dahulu\n*stock tanyakan terlebih dahulu Burner flame Brazing torch\n\nBlow torch model panjang\nproduk iso 9001 , moncong bahan full Cooper. \n Jet burner penggunaannya multi fungsi, mulai untuk kegiatan memasak, workcraft, bengkel, camping dan lain sebagainya.\n\nuntuk kegiatan cooking, misalnya pewarnaan pada roti, cake atau panggangan, model leher panjang ini cocok untuk corak bakar lebih detil.\n\nBagian laras produk ini FULL TEMBAGA / KUNINGAN, sehingga lebih tahan panas & dapat digunakan lebih lama.\n\nProduk ini hanya alat saja, TANPA tabung gas.\nProduk ini menggunakan tabung gas yang biasa digunakan untuk kompor portable yang dapat Anda beli di pasar swalayan di daerah Anda.\n\nCara menggunakan:\n- Pastikan tabung gas terpasang dengan benar & tidak ada kebocoran.\n- Putar perlahan knob di belakang alat sampai terdengar suara gas keluar (JANGAN LANGSUNG MAXIMAL).\n- Gunakan korek api sebagai pemantik / pemicu api.\n- Sesuaikan besar / kecilnya api dengan memutar knob volume gas.\n- Putar knob ke posisi CLOSE & LEPAS tabung gas saat sel';Terlaris__Blow_torch_burner_jet_flame_gun_kepala_burner_pa_1.jpg;Terlaris__Blow_torch_burner_jet_flame_gun_kepala_burner_pa_2.jpg;Terlaris__Blow_torch_burner_jet_flame_gun_kepala_burner_pa_3.jpg;Terlaris__Blow_torch_burner_jet_flame_gun_kepala_burner_pa_4.jpg;Terlaris__Blow_torch_burner_jet_flame_gun_kepala_burner_pa_5.jpg
219835045;5931472024;0;Terlaris  Isi Paku Tembak F30 Merk MEITE Refill Staples Nail Gun 30mm Berku;;966252;109;b'Informasi Produk:\nMohon dibaca deskripsi terlebih dahulu\n*stock tanyakan terlebih dahulu paku tembak F30 / ukuran 30mm \nready merk LOTUS isi 5000pcs\nKualitas dijamin ';Terlaris__Isi_Paku_Tembak_F30_Merk_MEITE_Refill_Staples_Nail_Gun_30mm_Berku.jpg
219835045;5831651625;0;"gunting pipa 2,5"" heavy duty pvc Cutter Pipe GESTAR by Crossma";;3330426;162;"b'Informasi Produk:\nMohon dibaca deskripsi terlebih dahulu\n*stock tanyakan terlebih dahulu PVC CUTTER PIPE \nGunting pipa 2,5"" heavy duty dari Crossman , proses pemotongan sangat cepat, dan ringan dgn mekanisme ratchet. pisau mata pisau baja SK5 heated threated yg tajam serta dapat di asah ulang menjadikan potongan pipa dgn hasil fine cut.\npenggunaan untuk :\nNormal pipe VP30\nWater course pipe VW30\nElectrical appliance pipe\n\nMaterial Solid aluminium\nBlade : steel SK5\nMax cutting : 2,5"" ( 63,5 mm )\n\n*Video hanya untuk ilustrasi cara penggunaan '";gunting_pipa_2,5inch_heavy_duty_pvc_Cutter_Pipe_GESTAR_by_Crossma_1.jpg;gunting_pipa_2,5inch_heavy_duty_pvc_Cutter_Pipe_GESTAR_by_Crossma_2.jpg;gunting_pipa_2,5inch_heavy_duty_pvc_Cutter_Pipe_GESTAR_by_Crossma_3.jpg
219835045;5831649878;0;Terlaris wool poles mesin mini grinder 25pcs / solid polish wool mini ge;;372465;192;b'Informasi Produk:\nMohon dibaca deskripsi terlebih dahulu\n*stock tanyakan terlebih dahulu\n<br> wool poles untuk mesin mini gerinda.\nper bungkus isi 25pcs , ambil 2 bungkus bonus 1pc batang As poles\ndigunakan utk proses pemolesan pada benda2 berbasis metal ataupun non metal seperti batu permata maupun gading.\ndiameter : 13mm\ntebal : 8mm\n\n\nHigh-quality wool wheel, easy to replace\nWool polishing wheel widely used in the cylinder bore mill, pipe, grinding, mold, medical equipment, beauty equipment, gold and silver jewelry, stainless steel, glass equipment, machinery parts and other special refining process. Install on electric grinder. Suitable for wood, nuclear carving, jade, ivory, etc.\nMaterial: Wool\nWool polishing wheel thickness: approx. 8mm\nWool polishing wheel diameter: approx.';Terlaris_wool_poles_mesin_mini_grinder_25pcs___solid_polish_wool_mini_ge_1.jpg;Terlaris_wool_poles_mesin_mini_grinder_25pcs___solid_polish_wool_mini_ge_2.jpg
219835045;5831649859;0;Terlaris Munjingfang KH1051-155 mini ketam mini manual mini trimming ;;3660718;171;b'Informasi Produk:\nMohon dibaca deskripsi terlebih dahulu\n*stock tanyakan terlebih dahulu\n<br> Mujingfang KH1051-155 small sized plane\nKetam manual mini, bahan rosewood. Lengkapi koleksi ketam anda segera, persediaan terbatas.\nNB: harap di setting ulang. semua ketam kita kirimkan dlm kondisi belum terseting\n\nDescription\nMini Plane 110mm Wood Plane High-speed Steel Blade Woodworking Plane\n\nApplicable to a variety of exquisite carpentry.\nBlades are made of high-speed steel.\nWooden planes are made of premium, rare, hardwood species imported from Southeast Asia.\nSmall appearance, light weight but with quality wood and sharp planer portable and easy to use.\n\nSpecification\nWidth:40mm ( body only, not include handle)\nLength: 110mm\nModel: KH1051-155\nWood material: Rosewood\nBlade material: high-speed ';Terlaris_Munjingfang_KH1051-155_mini_ketam_mini_manual_mini_trimming__1.jpg;Terlaris_Munjingfang_KH1051-155_mini_ketam_mini_manual_mini_trimming__2.jpg;Terlaris_Munjingfang_KH1051-155_mini_ketam_mini_manual_mini_trimming__3.jpg;Terlaris_Munjingfang_KH1051-155_mini_ketam_mini_manual_mini_trimming__4.jpg
219835045;5831649819;0;Terlaris router locator mini grinder Mollar / Profil Cup dudukan gerinda M;;1028841;174;b'Informasi Produk:\nMohon dibaca deskripsi terlebih dahulu\n*stock tanyakan terlebih dahulu\n<br> Router drill cup Locator Mollar\n\nCup router Locator untuk mini gerinda merk Mollar, di fungsikan agar mini gerinda dapat berdiri tegak selaras dgn landasan obyek kerja seperti fungsi Mesin profil/router.\nKetinggian bisa di setting, untuk penyesuaian dgn mata kerja. \n\nMaterial : Hard ABS\n\nNOTE : Produk sejenis memiliki berbagai ukuran dan ulir yg berbeda beda, ini untuk mini gerinda merk MOLLAR. Please mohon maaf jangan tanya apakah cocok dgn merk A, B, C dan sebaga';Terlaris_router_locator_mini_grinder_Mollar___Profil_Cup_dudukan_gerinda_M_1.jpg;Terlaris_router_locator_mini_grinder_Mollar___Profil_Cup_dudukan_gerinda_M_2.jpg;Terlaris_router_locator_mini_grinder_Mollar___Profil_Cup_dudukan_gerinda_M_3.jpg
219835045;5831649452;0;jam dinding bulat 20cm mesin wilson quartz motif wood harga g;;677324;175;b'harga PROMO\nJam dinding bulat motif kayu. \n\nBentuknya cakep,minimalis. cocok untuk kado/hadiah ataupun dijual lagi. produk ada dos. walaupun harga murah tapi dos tetap kita bubble. \n\nmaterial plastic ABS + kaca. \nMesin : miracle atau  wilson Quartz. dikirim bergantung stock yg tersedia\nDiameter Luar : 20 cm\nDiameter Dalam : 18,8cm\nTebal : 4 cm\nbatere : AA ( Beli sendiri ya......)\n\nNOTE : JARUM jam motifnya berbeda beda, kita kirimkan ';jam_dinding_bulat_20cm_mesin_wilson_quartz_motif_wood_harga_g_1.jpg;jam_dinding_bulat_20cm_mesin_wilson_quartz_motif_wood_harga_g_2.jpg;jam_dinding_bulat_20cm_mesin_wilson_quartz_motif_wood_harga_g_3.jpg
219835045;5831649431;0;Lampu Senter kepala super bright 5000 Lumens cree T6 high power head;;2094690;123;b'https://www\xe2\x80\xa2youtube\xe2\x80\xa2com/watch?v=pcGtG5gwgg0\n\nREADY LAGI, Headlamp cree paling sippp, harga murah , kualitas Mantappp\n\nFeatures :\n- Headlamp ini menggunakan 3 buah Cree XM-L T6 yang dapat menghasilkan cahaya hingga 5000 lumens.\n- Strap pada kepala terbuat dari bahan kain yang halus dan kuat. Sehingga kepala Anda tidak sakit namun tetap kuat menahan beban lampu saat Anda sedang bergerak.\n- Seluruh badan senter dibuat dengan bahan aero grade aluminum yang membuat senter LED ini memiliki cooling sistem yang lebih dingin dibanding senter lain.\n- Headlamp dapat digerakkan keatas bawah hingga 90 derajat sehingga jangkauan cahaya semakin besar.\n\nSpesifikasi Produk\nTipe LED\tCree XM-L T6\nLumens\t5000 Lumens\nTipe Baterai\t2 X 18650\nMaterial\tAircraft Grade Aluminum Alloy\ncoated Mineral Glass\n\nContent Box\n1 x T6 High Power Headlamp Cree XM-L T6 5000 L';Lampu_Senter_kepala_super_bright_5000_Lumens_cree_T6_high_power_head_1.jpg;Lampu_Senter_kepala_super_bright_5000_Lumens_cree_T6_high_power_head_2.jpg;Lampu_Senter_kepala_super_bright_5000_Lumens_cree_T6_high_power_head_3.jpg;Lampu_Senter_kepala_super_bright_5000_Lumens_cree_T6_high_power_head_4.jpg;Lampu_Senter_kepala_super_bright_5000_Lumens_cree_T6_high_power_head_5.jpg
219835045;5831472094;0;"Terlaris  4pcs Kikir kayu set 8"" ( Besar ) kikir tukang heavy duty Best Qu";;2017425;170;"b'Informasi Produk:\nMohon dibaca deskripsi terlebih dahulu\n*stock tanyakan terlebih dahulu Kikir kayu Wipro 8"" Best Quality\nHarga tertera untuk 1set isi 4pcs bilah kikir berkualitas.\nsangat membantu anda dalam pengerjaan perkayuan karena terdiri dari 4 bentuk yg berbeda : Bulat (Round), gepeng (Flat), segitiga (triangle), setengah lingkar (flat round)\n\ncek gambar ke 3 untuk penampakan kualitas gerig'";Terlaris__4pcs_Kikir_kayu_set_8inch_(_Besar_)_kikir_tukang_heavy_duty_Best_Qu_1.jpg;Terlaris__4pcs_Kikir_kayu_set_8inch_(_Besar_)_kikir_tukang_heavy_duty_Best_Qu_2.jpg;Terlaris__4pcs_Kikir_kayu_set_8inch_(_Besar_)_kikir_tukang_heavy_duty_Best_Qu_3.jpg
219835045;5831472062;0;Terlaris  Penggaris Woodworking Speed Square Penggaris Sudut Geser Siku De;;1430634;110;"b'Informasi Produk:\nMohon dibaca deskripsi terlebih dahulu\n*stock tanyakan terlebih dahulu Speed square 7""\nPenggaris sudut siku geser khusus woodworking \nMaterial : alumunium alloy , kuat dan ringan\nMarking Bukan di cat atau di printing. Tapi di ukir, jadi awet tahan lama selam'";Terlaris__Penggaris_Woodworking_Speed_Square_Penggaris_Sudut_Geser_Siku_De_1.jpg;Terlaris__Penggaris_Woodworking_Speed_Square_Penggaris_Sudut_Geser_Siku_De_2.jpg;Terlaris__Penggaris_Woodworking_Speed_Square_Penggaris_Sudut_Geser_Siku_De_3.jpg;Terlaris__Penggaris_Woodworking_Speed_Square_Penggaris_Sudut_Geser_Siku_De_4.jpg;Terlaris__Penggaris_Woodworking_Speed_Square_Penggaris_Sudut_Geser_Siku_De_5.jpg
219835045;5831472002;0;Terlaris  toggle clamp WIPRO TCV906 Heavy duty toggle clamp vertical daya ;;1170539;128;b'Informasi Produk:\nMohon dibaca deskripsi terlebih dahulu\n*stock tanyakan terlebih dahulu TOGGLE CLAMP WIPRO TCV-906\nkapasitas up to 100kg. Model vertical  Tarik/tekan = unlock, dorong/angkat = lock\nMerek: WIPRO\nKode Produksi: TCV-906 102B\nTipe kuncian: Vertical handle (di tekan ke atas untuk mengunci).\nHolding pressure : 100 Kg.\nmaterial body metal dgn grip bahan karet/rubber\n\npenggunaan dan variasi trick2 DIY untuk toggle clamp banyak diyoutube. silahkan brows';Terlaris__toggle_clamp_WIPRO_TCV906_Heavy_duty_toggle_clamp_vertical_daya__1.jpg;Terlaris__toggle_clamp_WIPRO_TCV906_Heavy_duty_toggle_clamp_vertical_daya__2.jpg;Terlaris__toggle_clamp_WIPRO_TCV906_Heavy_duty_toggle_clamp_vertical_daya__3.jpg
219835045;5731651644;0;Blow torch burner jet flame gun kepala burner gas 1300 ce;;1516182;191;b'Informasi Produk:\nMohon dibaca deskripsi terlebih dahulu\n*stock tanyakan terlebih dahulu Burner flame gun\nBahan tebal dan bagus. produk ISO9001\n Jet burner penggunaannya multi fungsi, mulai untuk kegiatan memasak, workcraft, bengkel, camping dan lain sebagainya.\n\ncek video product , penggunaan mudah tingga pakai butane / propane sebagai bahan baka';Blow_torch_burner_jet_flame_gun_kepala_burner_gas_1300_ce_1.jpg;Blow_torch_burner_jet_flame_gun_kepala_burner_gas_1300_ce_2.jpg;Blow_torch_burner_jet_flame_gun_kepala_burner_gas_1300_ce_3.jpg;Blow_torch_burner_jet_flame_gun_kepala_burner_gas_1300_ce_4.jpg;Blow_torch_burner_jet_flame_gun_kepala_burner_gas_1300_ce_5.jpg
219835045;5731651624;0;tali pengikat barang bagasi sepeda motor Flat strap hook 1,5 met;;1030459;168;b'Informasi Produk:\nMohon dibaca deskripsi terlebih dahulu\n*stock tanyakan terlebih dahulu warna tersedia hijau biru merah, silahkan pilih warna, kalau tidak ada kita kirim warna yg ready.\n\nTali ikat barang utk sepeda ataupun motor, praktis, dan mudah di gunakan.\nbentuk tali flat gepeng , sehingga tdk mudah slip pada saat dipakai. \nbahannya berkualitas.\n\npanjang 1,5 ';tali_pengikat_barang_bagasi_sepeda_motor_Flat_strap_hook_1,5_met.jpg
219835045;5731651606;0;isi staples 6mm DIC refill staples paku tembak air nailer gun t;;551840;155;b'Informasi Produk:\nMohon dibaca deskripsi terlebih dahulu\n*stock tanyakan terlebih dahulu Ready merk LOTUS, kualitas dijamin bagus.\nISI 5000Pcs\n\npaku tembak 1006J / tipe ';isi_staples_6mm_DIC_refill_staples_paku_tembak_air_nailer_gun_t_1.jpg;isi_staples_6mm_DIC_refill_staples_paku_tembak_air_nailer_gun_t_2.jpg
219835045;5731649938;0;Terlaris refill mesin paku tembak F50 mata paku 5cm isi air nail gun 25;;1922577;125;b'Informasi Produk:\nMohon dibaca deskripsi terlebih dahulu\n*stock tanyakan terlebih dahulu \n\n\n\nrefill paku tembak F50\npanjang 50mm (5cm)\n\nisi : 25';Terlaris_refill_mesin_paku_tembak_F50_mata_paku_5cm_isi_air_nail_gun_25.jpg
219835045;5731649481;0;PROMO terpal plastik A3 size 2m x 3m terpal warung alas lesehan ;;908402;163;b'PROMO Terpal Plastik A3 harga GROSIRRRR\n(terpal A3 adalah terpal dgn ketebalan 1tingkat lebih tebal daripada tipe A2, terpal A2 adalah ukuran tertipis pada terpal plastik )\n\nTerpal multi fungsi , cocok di gunakan untuk berbagai macam keperluan, misalnya keber warung, tenda, penutup bak truck, pick up, alas bak ikan, pelindung hujan/panas dll.\n\nnote : ukuran yg tertera adalah ukuran lembaran pembuatannya. ukuran jadinya tdk penuh, terpotong beberapa cm (sekitar5cm ) utk lipatan jahitan \n\nsudah termasuk Mata Kancing (cek gambar ke 3)\n\nuntuk ukuran lain dengan harga per meter klik : https://www.shopee.com/rumahbajukita/terpal-plastik-a3-terpal-truck-keber-warung-tenda-lesehan-harga-grosir?trkid=f=Ca0000L000P0W0S0Sh00Co0Po0Fr0Cb0_src=shop-product_page=1_ob=9_q=_catid=36_';PROMO_terpal_plastik_A3_size_2m_x_3m_terpal_warung_alas_lesehan__1.jpg;PROMO_terpal_plastik_A3_size_2m_x_3m_terpal_warung_alas_lesehan__2.jpg;PROMO_terpal_plastik_A3_size_2m_x_3m_terpal_warung_alas_lesehan__3.jpg;PROMO_terpal_plastik_A3_size_2m_x_3m_terpal_warung_alas_lesehan__4.jpg
219835045;5731472064;0;Terlaris  Selang spiral kompresor recoil hose 6 meter EINHILL lengkap Co;;1534623;125;b'Informasi Produk:\nMohon dibaca deskripsi terlebih dahulu\n*stock tanyakan terlebih dahulu Selang PU spiral\nbrand EINHILL\nPanjang 6meter\nsdh lengkap dgn coupli';Terlaris__Selang_spiral_kompresor_recoil_hose_6_meter_EINHILL_lengkap_Co.jpg
219835045;5731472019;0;Terlaris  pressure gauge 10bar 140psi Tekiro display alat ukur tekanan ;;1128891;110;b'Informasi Produk:\nMohon dibaca deskripsi terlebih dahulu\n*stock tanyakan terlebih dahulu Pressure gauge Tekiro original\ndouble display standard air pressure  10bar  140psi\nGlass ';Terlaris__pressure_gauge_10bar_140psi_Tekiro_display_alat_ukur_tekanan__1.jpg;Terlaris__pressure_gauge_10bar_140psi_Tekiro_display_alat_ukur_tekanan__2.jpg
219835045;5631651858;0;"nail puller 10"" / alat cukit paku / pencabut";;819061;130;"b'Informasi Produk:\nMohon dibaca deskripsi terlebih dahulu\n*stock tanyakan terlebih dahulu Nail puller Daiso\nalat cukit paku 10""\nmaterial besi\nhandle rubber/karet. \n\npraktis untuk dibawa bawa karena bentuknya yg kecil. dan nyaman digunakan sebab handle dilapisi oleh k'";nail_puller_10inch___alat_cukit_paku___pencabut_1.jpg;nail_puller_10inch___alat_cukit_paku___pencabut_2.jpg
219835045;5631651683;0;Slow start 2500w Inverator listrik stabil mesin anti jeglek soft ;;1932382;160;b'Informasi Produk:\nMohon dibaca deskripsi terlebih dahulu\n*stock tanyakan terlebih dahulu Inverator Merek Trillion\n\nAlat ini memiliki kapasitas maksimal sebesar 2500 Watt jadi baiknya gunakan untuk alat2 dgn daya separohnya sebagai antisipasi lonjakan dayanya. penggunaan bisa untuk Mesin cuci, AC, Kulkas,TV, Kipas Angin, Komputer, mesin bor dll\nSlow Startup Inverator ini adalah sebuah alat yang dipergunakan untuk menghasilkan start listrik yang lambat dan stabil pada saat pertama kali menghidupkan sebuah alat elektronik. Lampu hijau menyala ketika ada tarikan daya.\n\nInverator BUKAN alat TAMBAH DAYA. Kalau kapasitas listrik rumah anda lebih kecil dr watt listrik mesin biar anda pakai inverator tetap saja jeglek, tdk kuat. inverator hanya untuk mengatasi Lonjakan daya pada saat mesin running awal. \n\nANTI JEGLEK\nMembantu mengatasi Lonjakan listrik pada saat mesin pertama kali digunakan, agar tdk melebihi watt yg tercantum di mesin, sehingga listrik rumah yg seharusnya cukup tdk njeglek.\n\nHEMAT LISTRIK \nSaat dinyalakan, peralatan elektronik biasanya mengalami lonjakan tegangan yang tinggi, baru kemudian stabil setelah beberapa waktu. Ini menyebabkan TAGIHAN LISTRIK jadi lebih besar daripada seharusnya. Dengan begitu alat ini bisa menghemat listrik.\n\nAlat ini sangat cocok bagi Anda yang memiliki masalah dengan tegangan listrik yang sering turun atau bahkan mati mendadak pada saat menyalakan alat elektronik karena daya listrik di rumah Anda kurang. Beberapa peralatan elektronik di rumahan memang terkadang langsung menarik daya yang besar pada saat pertama kali dinyalakan. Misalnya saja komputer, AC, kulkas maupun televisi.\n\nNOTE:\n- Unit akan ditest berfungsi dengan baik 100% sebelum dikirim\n- Inverator tidak selalu bisa membantu untuk tidak jeglek karena setiap situasi listrik di rumah berbeda2, kami tidak bisa memberikan saran yg akurat karena itu butuh tukang listrik profesional. \n- Garansi tidak berlaku untuk produk ini\n- Tidak menerima pengembalian dengan alasan apapun\n\nMembeli berarti menyetujui syarat di atas\nDimensi 24x13x10 cm\nTerima ';Slow_start_2500w_Inverator_listrik_stabil_mesin_anti_jeglek_soft__1.jpg;Slow_start_2500w_Inverator_listrik_stabil_mesin_anti_jeglek_soft__2.jpg;Slow_start_2500w_Inverator_listrik_stabil_mesin_anti_jeglek_soft__3.jpg;Slow_start_2500w_Inverator_listrik_stabil_mesin_anti_jeglek_soft__4.jpg
219835045;5631651648;0;Pen brush mollar dual cup double trigger action air brush nozzle ;;5203889;154;b'Informasi Produk:\nMohon dibaca deskripsi terlebih dahulu\n*stock tanyakan terlebih dahulu pen brush Mollar dual cup\n\nbahan : Stainless steel\nTipe Nozzle dot 0.3mm\nDouble Trigger Action + air paint control (cocok untuk lukis dan warna )\nDouble cup , tabung atas 7cc , tabung bawah 22cc\nworking pressure 15-';Pen_brush_mollar_dual_cup_double_trigger_action_air_brush_nozzle__1.jpg;Pen_brush_mollar_dual_cup_double_trigger_action_air_brush_nozzle__2.jpg;Pen_brush_mollar_dual_cup_double_trigger_action_air_brush_nozzle__3.jpg;Pen_brush_mollar_dual_cup_double_trigger_action_air_brush_nozzle__4.jpg;Pen_brush_mollar_dual_cup_double_trigger_action_air_brush_nozzle__5.jpg
219835045;5631472031;0;Terlaris  air nailer H&L f32 stapler gun angin staples tembak HnL ada Pen;;6101247;172;b'Informasi Produk:\nMohon dibaca deskripsi terlebih dahulu\n*stock tanyakan terlebih dahulu Air nailer H&L F32\nmesin paku tembak kompresor angin\nair nailer ini dilengkapi dgn pengaman otomatis, hanya mengeluarkan paku ketika moncong di tekan ke obyek kerja.\ndisamping bisa utk bread nail (mata paku umum) bisa juga utk thin nail ( paku tanpa kepala)\nlengkap dengan koper nya. praktis dalam penyimpanan, dan memudahkan utk di bawa bawa.\n\nPanjang paku : 10mm ~ 32mm (F10 s/d F32)\nTekanan kerja : 60 - 100 Psi / 0.4 - 0.';Terlaris__air_nailer_H&L_f32_stapler_gun_angin_staples_tembak_HnL_ada_Pen_1.jpg;Terlaris__air_nailer_H&L_f32_stapler_gun_angin_staples_tembak_HnL_ada_Pen_2.jpg;Terlaris__air_nailer_H&L_f32_stapler_gun_angin_staples_tembak_HnL_ada_Pen_3.jpg
219835045;5531651848;0;stopper T Track / T Slot stop guide / miter track;;2570210;188;b'Informasi Produk:\nMohon dibaca deskripsi terlebih dahulu\n*stock tanyakan terlebih dahulu Harga tertera adalah untuk per 1pcs. Tidak termasuk T Track nya\n\nStopper untuk di pasangkan pada T track.\nukuran slot standar  utk T track pada umumnya ya itu 30mm\n\nFeatures\n- Perfect for woodworking, suitable for standard t-track.\n- It can help limit the length of the chute.\n- Very easy to use, and the stopper can be locked.\n- Ergonomic design makes it easier to operate.\n\nSpecifications\n1. Item Type: T-track\n2. Material: Plastic+Aluminium Alloy\n3.Size: 85*50*49MM\n4.Suitable for 30MM Miter Track';stopper_T_Track___T_Slot_stop_guide___miter_track_1.jpg;stopper_T_Track___T_Slot_stop_guide___miter_track_2.jpg;stopper_T_Track___T_Slot_stop_guide___miter_track_3.jpg;stopper_T_Track___T_Slot_stop_guide___miter_track_4.jpg
219835045;5531651688;0;spray gun F 75 G Meiji Taiwan super segel hologram F-75G tabung;;7994723;172;b'Informasi Produk:\nMohon dibaca deskripsi terlebih dahulu\n*stock tanyakan terlebih dahulu Meiji Spray Gun F75 Tabung Atas \nBukan original jepang, tapi made in Taiwan. Kualitas super, bukan yg tidak ada marking atau segel hologram.\n\nmerupakan alat yang digunakan untuk mengatomisasi cat pada suatu permukaan yang menggunakan udara bertekanan. Prinsip dari spray gun adalah sama seperti halnya pada atomisasi. Apabila udara bertekanan dikeluarkan dari lubang udara terhadap air cap, maka suatu tekanan negatif akan timbul pada ujung fluida, yang setelah itu menghisap cat pada cup. Lalu cat yang dihisap ini disemprotkan sebagai cat yang diatomisasi (dikabutkan), oleh karena tekanan udara pada lubang didalam air cap... Sangat prakatis dan mempermudah pekerjaan pengecatan , untuk anda yang hobi cat dan juga buat para tukang cat kayu ,modifikas';spray_gun_F_75_G_Meiji_Taiwan_super_segel_hologram_F-75G_tabung_1.jpg;spray_gun_F_75_G_Meiji_Taiwan_super_segel_hologram_F-75G_tabung_2.jpg
219835045;5431653387;0;quick coupler compressor SF20 3 pass coupler kompresor cab;;859276;127;b'Informasi Produk:\nMohon dibaca deskripsi terlebih dahulu\n*stock tanyakan terlebih dahulu Merk : XENON \nCoupler untuk mencabang keluaran angin dari kompresor\nCabang 3 dengan coupler tipe SF20\nDrat dalam inlet ukuran';quick_coupler_compressor_SF20_3_pass_coupler_kompresor_cab_1.jpg;quick_coupler_compressor_SF20_3_pass_coupler_kompresor_cab_2.jpg
219835045;5431653343;0;toggle clamp WIPRO TCH915 Heavy duty toggle clamp horisontal ;;1591821;134;b'Informasi Produk:\nMohon dibaca deskripsi terlebih dahulu\n*stock tanyakan terlebih dahulu TOGGLE CLAMP WIPRO TCH-915\nHeavy duty clamp, cocok untuk DIY perkayuan. \n\nMerek: WIPRO (ready Handle warna merah)\nKode Produksi: TCH-915\nTipe kuncian: Horisontal handle (di tekan ke bawah untuk mengunci).\nHolding pressure : 400 Kg.\nmaterial body metal dgn grip bahan karet/rubber\n\npenggunaan dan variasi trick2 DIY untuk toggle clamp banyak diyoutube. silahkan brows';toggle_clamp_WIPRO_TCH915_Heavy_duty_toggle_clamp_horisontal__1.jpg;toggle_clamp_WIPRO_TCH915_Heavy_duty_toggle_clamp_horisontal__2.jpg;toggle_clamp_WIPRO_TCH915_Heavy_duty_toggle_clamp_horisontal__3.jpg;toggle_clamp_WIPRO_TCH915_Heavy_duty_toggle_clamp_horisontal__4.jpg
219835045;5431653330;0;Mesin Amplas Kayu Besi Tembok Orbital Sander Woodwoking / Constru;;3868372;135;"b'Informasi Produk:\nMohon dibaca deskripsi terlebih dahulu\n*stock tanyakan terlebih dahulu Mesin amplas orbital sander Mollar s9035 (besar)\n\nMurah berkualitas,mesin ini memiliki ketahanan yg lebih baik dibanding merk lain di kelas yg sama, dikarenakan menggunakan teknologi double insulation / dobel isolasi untuk proteksi ketahanan mesin terhadap tekanan.\n\nFeature struktur mesin\n~ Motor (armature dan stator) : menggunakan kabel tembaga yg memiliki insulasi kelas ""E"" dan dilengkapi dengan super enamelled.\n~ Body dan Handel : menggunakan bahan Thermoplastic\n~ Thermoplastic pada antara as tengah armature dan gulungan kabel sehingga terbentuk sistem proteksi ganda.\n~ Self Locking \n\nPower 160w , 10.000RPM\nUkuran Pad 95 x 185 mm\n\nMedia pengamplasan untuk kayu , besi, bahkan tembok rumah yg akan di cat ulang.\n\nPengamplasan pada Kayu :\nTahap awal :kain amplas grade 40 - 120\nTahap akhir : kain amplas grade 150 - 180\n\nPengamplasan pada Besi :\nTahap awal :kain amplas grade 40 - 100\nTahap akhir : kain amplas grade 120 - 180\n\nuntuk finishing gunakan grade sesuai keinginan. \n\nAplikasi produk mesin amplas mollar s9035 diterima luas dibidang :\nKonstruksi, pertukangan, pabrik mebel, bengkel, perkapalan juga rumah t'";Mesin_Amplas_Kayu_Besi_Tembok_Orbital_Sander_Woodwoking___Constru_1.jpg;Mesin_Amplas_Kayu_Besi_Tembok_Orbital_Sander_Woodwoking___Constru_2.jpg;Mesin_Amplas_Kayu_Besi_Tembok_Orbital_Sander_Woodwoking___Constru_3.jpg
219835045;5431653321;0;Dudukan gerinda tangan WIPRO AGS-125 stand grinder penyangga ge;;4631334;161;b'Informasi Produk:\nMohon dibaca deskripsi terlebih dahulu\n*stock tanyakan terlebih dahulu Wipro AGS-125\nstand grinder. penyangga gerinda yg berfungsi merubah gerinda tangan menjadi fungsi cut off.\nsangat membantu dalam pengerjaan pemotongan jumlah banyak, hasil pemotongan lebih presisi dan lebih aman tentunya.\n\nNB: video kita sertakan sbg gambaran produk. beda merk sama j';Dudukan_gerinda_tangan_WIPRO_AGS-125_stand_grinder_penyangga_ge_1.jpg;Dudukan_gerinda_tangan_WIPRO_AGS-125_stand_grinder_penyangga_ge_2.jpg;Dudukan_gerinda_tangan_WIPRO_AGS-125_stand_grinder_penyangga_ge_3.jpg
219835045;5431653301;0;penjepit permata / jepit komponen / grabber pinset jepit pe;;1607790;197;b'Informasi Produk:\nMohon dibaca deskripsi terlebih dahulu\n*stock tanyakan terlebih dahulu alat untuk menjepit benda2 kecil, umumnya di gunakan untuk menjepit batu permata, mengamati kualitas batu permata, jepit komponen2 elektronik dll\ndengan design 4 prong(cakar) mencengkram dengan maks';penjepit_permata___jepit_komponen___grabber_pinset_jepit_pe_1.jpg;penjepit_permata___jepit_komponen___grabber_pinset_jepit_pe_2.jpg;penjepit_permata___jepit_komponen___grabber_pinset_jepit_pe_3.jpg;penjepit_permata___jepit_komponen___grabber_pinset_jepit_pe_4.jpg;penjepit_permata___jepit_komponen___grabber_pinset_jepit_pe_5.jpg
219835045;5431653199;0;Dust mask masker debu model corong masker asap dust respi;;258824;200;b'Informasi Produk:\nMohon dibaca deskripsi terlebih dahulu\n*stock tanyakan terlebih dahulu Dust mask harga promo\n\nmasker pelindung debu dan asap\nmodel corong, atau biasa di sebut moncong babi. lebih enak dipakai dibanding yg model kain karena napas jauh lebih ';Dust_mask_masker_debu_model_corong_masker_asap_dust_respi.jpg
219835045;5431653171;0;set 5pcs black steel rotary rasp burr set 6mm engraving carving;;1591599;150;"b'Informasi Produk:\nMohon dibaca deskripsi terlebih dahulu\n*stock tanyakan terlebih dahulu Udah Ready lagi\nnote: warna hitam ini jauh lbh bagus drpd yg warna abu abu.\n\n5pc Rotary rasp set\nmata kikir kerok kayu bahan black steel , size batang as 6mm\nmaterial black steel \n\nRotary Rasp Set Wood \n\nSuitable for carving, engraving, chamfering, engraving, slotting, reaming of soft materials, such as soft wood, plastic, rubber, etc.\nSupporting the use of a variety of specifications, woodworking DIY polished artifact.\nBlackened surface, sharper, durable, can process a variety of shapes of the mold cavity.\n\nSpecifications:\nMaterial: 45#steel\nItem color: black\nShank: 6.35mm(1/4"") Round Shank ( beda shank dengan yg di video)\nLength: 50~60mm\n5 Shapes: \nBall\nOval\nCylinder\nLarge cone \nSmall'";set_5pcs_black_steel_rotary_rasp_burr_set_6mm_engraving_carving_1.jpg;set_5pcs_black_steel_rotary_rasp_burr_set_6mm_engraving_carving_2.jpg;set_5pcs_black_steel_rotary_rasp_burr_set_6mm_engraving_carving_3.jpg;set_5pcs_black_steel_rotary_rasp_burr_set_6mm_engraving_carving_4.jpg;set_5pcs_black_steel_rotary_rasp_burr_set_6mm_engraving_carving_5.jpg
219835045;5431473579;0;Terlaris  kawat las 50pcs ukuran 2mm x 300mm Morris welding elect;;353519;193;b'Informasi Produk:\nMohon dibaca deskripsi terlebih dahulu\n*stock tanyakan terlebih dahulu Morris welding electrodes\nkawat las brand Morris, sudah tersertifikasi.\ncocok untuk pemula maupun profesional\nukuran 2mm x 300mm\n\nharga tertera untuk ';Terlaris__kawat_las_50pcs_ukuran_2mm_x_300mm_Morris_welding_elect_1.jpg;Terlaris__kawat_las_50pcs_ukuran_2mm_x_300mm_Morris_welding_elect_2.jpg
219835045;5331653193;0;Spray gun K3A lurus Hioshi Premium doff black nozzle 0.5mm tip;;2472857;109;b'Informasi Produk:\nMohon dibaca deskripsi terlebih dahulu\n*stock tanyakan terlebih dahulu Spray gun K3A Hioshi\nBrand : Hioshi\nTipe : K-3A Lurus\nmodel : Dot / Titik\nTabung atas\nKapasitas 100cc\nBahan : Aluminium \nnozzle : 0.5mm\n\nproduk berkualitas, secara fisik maupun fungsinya dgn harga yg sangat';Spray_gun_K3A_lurus_Hioshi_Premium_doff_black_nozzle_0.5mm_tip_1.jpg;Spray_gun_K3A_lurus_Hioshi_Premium_doff_black_nozzle_0.5mm_tip_2.jpg;Spray_gun_K3A_lurus_Hioshi_Premium_doff_black_nozzle_0.5mm_tip_3.jpg;Spray_gun_K3A_lurus_Hioshi_Premium_doff_black_nozzle_0.5mm_tip_4.jpg;Spray_gun_K3A_lurus_Hioshi_Premium_doff_black_nozzle_0.5mm_tip_5.jpg
219835045;5331653160;0;Catok kayu clamp f bahan tebal heavy duty woodworking DIY ;;1265706;122;b'Informasi Produk:\nMohon dibaca deskripsi terlebih dahulu\n*stock tanyakan terlebih dahulu Catok f heavy duty.\nbahan tebal \nmurah namun berkualitas.\n120mm x 250mm (realnya 250m';Catok_kayu_clamp_f_bahan_tebal_heavy_duty_woodworking_DIY__1.jpg;Catok_kayu_clamp_f_bahan_tebal_heavy_duty_woodworking_DIY__2.jpg;Catok_kayu_clamp_f_bahan_tebal_heavy_duty_woodworking_DIY__3.jpg
219835045;5231651854;0;"Terlaris Mesin Blower keong angin listrik 2"" blower / exhaust hawa panas";;3912196;145;"b'Informasi Produk:\nMohon dibaca deskripsi terlebih dahulu\n*stock tanyakan terlebih dahulu\n<br> Blower exhaust 2""\nmesin blower sebagai penyembur udara ataupun penghisap udara. praktek penggunaan nya bisa banyak macam tergantung kebutuhan pemakai. \nbisa sebagai exhaust hawa panas pada ruang mesin2 produksi, ataupun sebagai blower pada tungku2 pembakaran, sebagai pengering pada ruang oven, pengering bulu hewan (tinggal di modif tambahkan selang) ataupun utk modif sebagai  vacuum pd mesin sablon dsb, masih banyak kegunaannya yg tdk bisa kita sebutkan satu persatu tergantung anda DIY untuk apa. \n\nWarna : HIJAU\nUkuran : 20 Cm x 18 Cm x 20 Cm\nPanjang Kabel : 110 Cm\nVoltase : 220 V-230 V\nFrekuensi : 50 Hz\nTenaga Masuk : 150 Watt\nKecepatan Rata-rata : 3000-3600'";Terlaris_Mesin_Blower_keong_angin_listrik_2inch_blower___exhaust_hawa_panas_1.jpg;Terlaris_Mesin_Blower_keong_angin_listrik_2inch_blower___exhaust_hawa_panas_2.jpg;Terlaris_Mesin_Blower_keong_angin_listrik_2inch_blower___exhaust_hawa_panas_3.jpg
219835045;5031651871;0;"Terlaris ratchet bar clamp 36"" klem penjepit fastener quick clamp ";;4755612;153;"b'Informasi Produk:\nMohon dibaca deskripsi terlebih dahulu\n*stock tanyakan terlebih dahulu\n<br> Ratchet bar clamp 36""\n\nKlem penjepit dengan mekanisme ratchet, bisa di fungsikan sbg penjepit maupun spreader.\nsebagai alat bantu yg bersifat fastener pd kegiatan perkayuan. \n\nmaterial Solid ABS plastic + Carbon Steel \nhandle TPR rubber\nRatchet mechanism with quick release button\nLenght 36""  ( 910mm )\n\nProduk jarang ada, Lengkapi koleksi workshop anda sege'";Terlaris_ratchet_bar_clamp_36inch_klem_penjepit_fastener_quick_clamp__1.jpg;Terlaris_ratchet_bar_clamp_36inch_klem_penjepit_fastener_quick_clamp__2.jpg
219835045;5031651830;0;"Terlaris mini ratchet quick clamp and release 4"" catok rachet mini";;910395;129;"b'Informasi Produk:\nMohon dibaca deskripsi terlebih dahulu\n*stock tanyakan terlebih dahulu\n<br> mini ratchet quick clamp and release 4"" \nclamp 4"" (100mm) alat bantu pengkleman secara cepat, quick clamp & release\n\nSpecification:\nColor: Black\nMaterial: plastic + steel\nFunction: woodworking clip\nProduct size: 19*10.5*1.7cm\n\nFeature:\nMade of solid plastic material, durable and sturdy, safe and eco-friendly to use. \nPistol-like grip with squeeze trigger tightens clamp, quick-release button. \nEasy to reverse jaws turns clamp into spreading clamp or stretching tool. \nSoft PVC pads provide superior grip and protect delicate finishes, removable. \nWidely used in furniture manufacturing and packaging indu'";Terlaris_mini_ratchet_quick_clamp_and_release_4inch_catok_rachet_mini_1.jpg;Terlaris_mini_ratchet_quick_clamp_and_release_4inch_catok_rachet_mini_2.jpg;Terlaris_mini_ratchet_quick_clamp_and_release_4inch_catok_rachet_mini_3.jpg
219835045;4931651883;0;"Terlaris tongue & groove shanks 1/4"" mata profil router panel kayu a";;2722358;189;"b'Informasi Produk:\nMohon dibaca deskripsi terlebih dahulu\n*stock tanyakan terlebih dahulu\n<br> Mata profil Tongue & Groove 1/4""\nmata profil untuk membuat sambungan panel kayu. \nbatang As 6mm\nukuran lengkap bisa lihat di gambar2 yg di pajang.\nVideo produk hanya sebagai ilustrasi. Packing produk plastic box.\n\nFeatures:\nBrand new and high quality .\nUsing for hand making a drawer or other woodworking.\nIndustrial quality router bits .\nSolid hardened steel bodies with anti kickback design.\nBuild-up  heat resistant Teflon coating.\nHook  Shear Angles: High hook  shear angles allow\nCutters to slice smoothly into stock producing clean, splinter free.\nBearing: Totally enclosed  lubricated. \n\nSpecifications:\nBalance: +/- .003"" tolerance\nBody: Solid Hardened Steel\nBlade: Industrial grade micro grain carbide\nCutter: CNC ground to a 600 grit, mirror-like finish \nProduct size: approx. 65*40*40mm/2.55*1.57*1.57\'\'\nNet weight: approx. 231g\n\nApplications:\n1. Suitable for woodworking.\n2. Solid hardened steel bodies with anti kickback design.\n3. Build-up  heat resistant teflon coating.\n4. Totally enclosed  lubricated.\n5. Industrial grade micro grain carbide blade. \n\nIncluded:\n1 x Tongue Router Bit\n1 x Groove Route'";Terlaris_tongue_&_groove_shanks_1_4inch_mata_profil_router_panel_kayu_a_1.jpg;Terlaris_tongue_&_groove_shanks_1_4inch_mata_profil_router_panel_kayu_a_2.jpg;Terlaris_tongue_&_groove_shanks_1_4inch_mata_profil_router_panel_kayu_a_3.jpg;Terlaris_tongue_&_groove_shanks_1_4inch_mata_profil_router_panel_kayu_a_4.jpg
219835045;4931651853;0;Terlaris air compressor switch regulator set lengkap untuk komp;;6803647;188;b'Informasi Produk:\nMohon dibaca deskripsi terlebih dahulu\n*stock tanyakan terlebih dahulu\n<br> otomatis kompresor set\nmerk WIPRO\nuntuk Listrik 1 Phase motor sampai dengan kekuatan 2 HP. cocok untuk kompresor Custom/ DIY kompresor bekas kulkas atau tabung LPG 12kg. safety valve, regulator, manometer jadi 1 dalam alat ini. \nAuto On 4 Bar dan Auto Off 8 Bar\nRegulator pengatur keluaran angin\n2 Output kran kompressor model geser\n2 Pressure gauge untuk mengetahui keluaran tekanan angin masing2 kran\nSafety Valve switch bahan kun';Terlaris_air_compressor_switch_regulator_set_lengkap_untuk_komp_1.jpg;Terlaris_air_compressor_switch_regulator_set_lengkap_untuk_komp_2.jpg;Terlaris_air_compressor_switch_regulator_set_lengkap_untuk_komp_3.jpg;Terlaris_air_compressor_switch_regulator_set_lengkap_untuk_komp_4.jpg
219835045;4631653851;0;Digital clamp meter Tolsen tang ampere multi meter 3.1/2 dig;;7993371;132;b'Informasi Produk:\nMohon dibaca deskripsi terlebih dahulu\n*stock tanyakan terlebih dahulu TOLSEN DIGITAL CLAMP MULTIMETER 38034 28MM\n\nTang Ampere adalah peralatan untuk mengetahui Arus dalam suatu rangkaian listrik, bisa digunakan untuk arus searah (DC) maupun arus bolak balik (AC),\n\nBiasa nya agak susah untuk mengetahui Arus dalam suatu rangkaian listrik dikarena untuk mengukur arus alat yang di butuhkan di hubungkan secara serial , jadi harus memutus rangkaian listrik tersebut untuk di pasangi ampere meter. Tapi dengan ada nya TANG AMPERE ini pekerjaan mengukur arus jadi lebih sederhana dan simple. \n\nTinggal kalungkan saja tang ampre digital ini ke salah satu kabel rangkaian listrik yang ingin di ukur arus listrik nya..\n\nDengan diameter maksimal 28mm bukaan tang nya\nBisa untuk mengukur tegangan DC dan AC\nSerta untuk mengukur tahanan listrik\nArus AC dan untuk mengecek Dioda\n\nTOLSEN DIGITAL CLAMP MULTIMETER 38034 28MM\n\nFeatures:\nIEC-61010 CATII 600V/CATIII 300V\n3 1/2 digits LCD, Maximum display 1999\nMaximum opening size :28mm\nLow Battery Indication\nOverload protection\nData-hold model\nAuto power off\nSpecifications\n\nBrand: Tolsen\nModel: 38034\nSize: 21075.6x30mm\nAC Current: 2/20/200/400A(1.5% +9)\nAC Voltage: 2/20/200/600V(1.2% +5)\nDC Voltage: 200m/2/20/200/600V(0.8% +1)\nResistance: 200/2k/20k/200k/2M/20M(1.0% +2)\nDiode Check\nCE approved\n\nPackage:\nBatteries : 2xAAA (1.5V) included\nTest lead: plug black ';Digital_clamp_meter_Tolsen_tang_ampere_multi_meter_3.1_2_dig_1.jpg;Digital_clamp_meter_Tolsen_tang_ampere_multi_meter_3.1_2_dig_2.jpg;Digital_clamp_meter_Tolsen_tang_ampere_multi_meter_3.1_2_dig_3.jpg;Digital_clamp_meter_Tolsen_tang_ampere_multi_meter_3.1_2_dig_4.jpg
219835045;4531653885;0;toggle clamp WIPRO TCP934 Heavy duty toggle clamp Push Pull ;;1801674;123;b'Informasi Produk:\nMohon dibaca deskripsi terlebih dahulu\n*stock tanyakan terlebih dahulu Ready gagang warna merah. merk tetap wipro.\n\nTOGGLE CLAMP WIPRO TCP-934\nHeavy duty clamp, cocok untuk DIY perkayuan. \n\nMerek: WIPRO\nKode Produksi: TCH-934\nTipe kuncian: Push Pull\nHolding pressure : 386Kg.\nmaterial body metal dgn grip bahan karet/rubber\n\npenggunaan dan variasi trick2 DIY untuk toggle clamp banyak diyoutube. silahkan brows';toggle_clamp_WIPRO_TCP934_Heavy_duty_toggle_clamp_Push_Pull__1.jpg;toggle_clamp_WIPRO_TCP934_Heavy_duty_toggle_clamp_Push_Pull__2.jpg;toggle_clamp_WIPRO_TCP934_Heavy_duty_toggle_clamp_Push_Pull__3.jpg;toggle_clamp_WIPRO_TCP934_Heavy_duty_toggle_clamp_Push_Pull__4.jpg;toggle_clamp_WIPRO_TCP934_Heavy_duty_toggle_clamp_Push_Pull__5.jpg
219835045;4531653847;0;Nakakubi japanese finishing trowels cetok semen plester sendok ;;1303525;181;b'Informasi Produk:\nMohon dibaca deskripsi terlebih dahulu\n*stock tanyakan terlebih dahulu Cetok semen khas jepang, penggunaan untuk finishing, smoothing maupun membuat marking.\nmampu membuat sapuan sapuan yg sangat halus.\n\nModel : Nakakubi ( four finger)\nHandle : wood.\nPlat : Carbon steel. \nPanjang 15cm\nLebar 5,5cm\n\nJapanese Plastering\nNakakubi trowels are typical Japanese trowels, held with the neck attaching the handle and plate between the forefinger and middle finger.\n\nVideo hanya sebagai ilustrasi, ukuran alat beda';Nakakubi_japanese_finishing_trowels_cetok_semen_plester_sendok__1.jpg;Nakakubi_japanese_finishing_trowels_cetok_semen_plester_sendok__2.jpg;Nakakubi_japanese_finishing_trowels_cetok_semen_plester_sendok__3.jpg;Nakakubi_japanese_finishing_trowels_cetok_semen_plester_sendok__4.jpg
219835045;4531653823;0;Set Mata Poles Grafir Amplas Mini Grinder Aksesoris Mini Ge;;1019266;108;b'Informasi Produk:\nMohon dibaca deskripsi terlebih dahulu\n*stock tanyakan terlebih dahulu Sudah READY\n\nset praktis aksesoris mini grinder\n\n1set 5pcs (jenis) mata poles/asah diamond dust untuk proses poles\n1pcs holder/pegangan + 6 roll amplas \ndiameter shank mini drill / grinder,dremel tool dan sej';Set_Mata_Poles_Grafir_Amplas_Mini_Grinder_Aksesoris_Mini_Ge_1.jpg;Set_Mata_Poles_Grafir_Amplas_Mini_Grinder_Aksesoris_Mini_Ge_2.jpg;Set_Mata_Poles_Grafir_Amplas_Mini_Grinder_Aksesoris_Mini_Ge_3.jpg;Set_Mata_Poles_Grafir_Amplas_Mini_Grinder_Aksesoris_Mini_Ge_4.jpg;Set_Mata_Poles_Grafir_Amplas_Mini_Grinder_Aksesoris_Mini_Ge_5.jpg
219835045;4531653809;0;penggaris kayu lipat woodworking mistar lipat tukang kayu klasik ;;1582310;175;b'Informasi Produk:\nMohon dibaca deskripsi terlebih dahulu\n*stock tanyakan terlebih dahulu Penggaris lipat tradisional, panjang 1 meter, bahan kayu, sambungan dibungkus plat, awet. \nTukang kayu ga lengkap deh bos kalau belum punya penggaris ini ^_^\n\nstock terbatas, buruan mumpung masih';penggaris_kayu_lipat_woodworking_mistar_lipat_tukang_kayu_klasik__1.jpg;penggaris_kayu_lipat_woodworking_mistar_lipat_tukang_kayu_klasik__2.jpg;penggaris_kayu_lipat_woodworking_mistar_lipat_tukang_kayu_klasik__3.jpg;penggaris_kayu_lipat_woodworking_mistar_lipat_tukang_kayu_klasik__4.jpg
219835045;4431653836;0;LOTUS isi staples mesin paku tembak 422J refill staples;;765540;196;b'Informasi Produk:\nMohon dibaca deskripsi terlebih dahulu\n*stock tanyakan terlebih dahulu refill staples tembak seri 422 J model U kurus\nbrand LOTUS, dijamin Berkualitas\nlebar 4mm\ntinggi kaki';LOTUS_isi_staples_mesin_paku_tembak_422J_refill_staples.jpg
219835045;4331653878;0;Fougera Tattoo Cream 5ml USA recovery bekas luka tato sulam alis ;;305726;170;b'Informasi Produk:\nMohon dibaca deskripsi terlebih dahulu\n*stock tanyakan terlebih dahulu expired 2019\n\t\nFougera cream\n\ncream vitamin tatoo dari Fougera inc Newyork USA\ncream anti scar memperbaiki dan merawat jaringan kulit pasca tato, baik untuk kulit, tato sulam alis, ataupun bibir.\n\n100% brand new and high quality.\nContinue to use, effect is more obvious.\nIt can greatly protect your skin, very useful.\nTattoo anti-scar cream repair cream, tattoo special supplies for tattoo care and maintenance.\nPrevent the tattoo site inflammation, effective sterilization, anti-inflammatory.\n\nSpecifications:\nMaterial: vitamin A ';Fougera_Tattoo_Cream_5ml_USA_recovery_bekas_luka_tato_sulam_alis__1.jpg;Fougera_Tattoo_Cream_5ml_USA_recovery_bekas_luka_tato_sulam_alis__2.jpg;Fougera_Tattoo_Cream_5ml_USA_recovery_bekas_luka_tato_sulam_alis__3.jpg
